id,name,full_name,html_url,description,language,created_at,updated_at,pushed_at,stargazers_count,forks_count,open_issues_count,license,topics
451964411,rss-feed-parser,0-vortex/rss-feed-parser,https://github.com/0-vortex/rss-feed-parser,Experimenting with parsing my network feed for different clients,JavaScript,2022-01-25T16:55:46Z,2025-03-18T04:32:00Z,2025-03-18T04:31:56Z,6,4,0,MIT License,[]
452567606,Interview-questions,RahulTinku/Interview-questions,https://github.com/RahulTinku/Interview-questions,,JavaScript,2022-01-27T06:35:12Z,2025-03-18T04:31:48Z,2025-03-18T04:31:48Z,0,0,0,,[]
448105687,aep-mobile-sdkdocs,AdobeDocs/aep-mobile-sdkdocs,https://github.com/AdobeDocs/aep-mobile-sdkdocs,Documentation for AEP Mobile SDKs,JavaScript,2022-01-14T20:58:20Z,2025-03-18T04:28:56Z,2025-03-18T04:28:52Z,6,42,37,Apache License 2.0,[]
445076322,bosenaja,flurry4041/bosenaja,https://github.com/flurry4041/bosenaja,,JavaScript,2022-01-06T07:13:09Z,2025-03-18T04:26:40Z,2025-03-18T04:26:36Z,0,0,0,MIT License,[]
447160931,ip_ports,parserpp/ip_ports,https://github.com/parserpp/ip_ports,ÂÖçË¥π‰ª£ÁêÜËµÑÊ∫ê .  https://github.com/parserpp/Every15m_runner-get_proxy_2   Âíåhttps://github.com/parserpp/parser_proxy_1   ,JavaScript,2022-01-12T09:49:55Z,2025-03-18T04:26:15Z,2025-03-18T04:26:12Z,59,11,0,,[]
448100641,OpiskelijalounasWebFetchAction,ollitoivanen/OpiskelijalounasWebFetchAction,https://github.com/ollitoivanen/OpiskelijalounasWebFetchAction,Github action used to fetch daily menus for Opiskelijalounas √Öbo Web,JavaScript,2022-01-14T20:35:37Z,2025-03-18T04:25:32Z,2025-03-18T04:25:29Z,1,0,0,,[]
443619398,zamg-measurment-collector,seasick/zamg-measurment-collector,https://github.com/seasick/zamg-measurment-collector,Collect hourly raw ZAMG data and stores it into this repository,JavaScript,2022-01-01T20:36:27Z,2025-03-18T04:25:31Z,2025-03-18T04:25:28Z,0,0,0,,[]
454152544,cfi-commonplace-book,johnjackoleary/cfi-commonplace-book,https://github.com/johnjackoleary/cfi-commonplace-book,"A useful starting point for CFIs, students, and anyone hoping to learn more about aviation.",JavaScript,2022-01-31T20:05:16Z,2025-03-18T04:24:23Z,2025-03-18T04:26:18Z,11,2,7,,[]
444030435,home-ops,maksimkurb/home-ops,https://github.com/maksimkurb/home-ops,My home server infrastructure as code,JavaScript,2022-01-03T11:04:24Z,2025-03-18T04:19:18Z,2025-03-18T04:20:49Z,15,1,35,MIT License,"['ansible', 'homelab', 'iac', 'infrastructure-as-code', 'kubernetes', 'terraform']"
449223987,hako,hvs-game/hako,https://github.com/hvs-game/hako,,JavaScript,2022-01-18T09:40:43Z,2025-03-18T04:19:01Z,2025-03-18T04:18:57Z,1,1,0,,[]
446673465,thiagozf,thiagozf/thiagozf,https://github.com/thiagozf/thiagozf,,JavaScript,2022-01-11T04:10:58Z,2025-03-18T04:18:02Z,2025-03-18T04:17:58Z,1,0,0,,[]
446158525,hooks,modernpoacher/hooks,https://github.com/modernpoacher/hooks,,JavaScript,2022-01-09T17:34:53Z,2025-03-18T04:12:43Z,2025-03-18T04:12:39Z,0,0,0,,[]
445581954,smoke-tests,sourcegraph/smoke-tests,https://github.com/sourcegraph/smoke-tests,Smoke tests for Sourcegraph - basic functionality,JavaScript,2022-01-07T16:21:25Z,2025-03-18T04:08:10Z,2025-03-18T04:08:06Z,4,1,21,Apache License 2.0,[]
445306435,wokwi-library-index,wokwi/wokwi-library-index,https://github.com/wokwi/wokwi-library-index,Index for the Wokwi Library Manager,JavaScript,2022-01-06T20:48:04Z,2025-03-18T03:50:49Z,2025-03-18T03:50:46Z,1,2,0,,[]
448083351,tools.openapis.org,OAI/tools.openapis.org,https://github.com/OAI/tools.openapis.org,A collection of open-source and commercial tools for creating your APIs with OpenAPI - Sourced from and published for the community,JavaScript,2022-01-14T19:24:14Z,2025-03-18T03:40:43Z,2025-03-18T03:40:38Z,126,40,31,,"['openapi', 'openapi-spec', 'openapi3']"
443477353,leet-code,ptbhatcoder/leet-code,https://github.com/ptbhatcoder/leet-code,Collection of LeetCode questions to ace the coding interview! ,JavaScript,2022-01-01T05:29:48Z,2025-03-18T03:30:35Z,2025-03-18T03:30:31Z,2,0,0,,[]
446093585,Syuq,Syuq/Syuq,https://github.com/Syuq/Syuq,,JavaScript,2022-01-09T13:17:44Z,2025-03-18T03:30:25Z,2025-03-18T03:30:22Z,4,0,0,,[]
452474382,mitchmalone,mitchmalone/mitchmalone,https://github.com/mitchmalone/mitchmalone,Mitch Malone,JavaScript,2022-01-26T23:27:16Z,2025-03-18T03:17:22Z,2025-03-18T03:17:18Z,0,0,0,,[]
454174200,faker3,shufflewzc/faker3,https://github.com/shufflewzc/faker3,,JavaScript,2022-01-31T21:21:40Z,2025-03-18T03:10:25Z,2025-03-18T03:10:22Z,1680,489,33,,[]
453816141,luma-homeops,ChristopherJMiller/luma-homeops,https://github.com/ChristopherJMiller/luma-homeops,GitOps for the home,JavaScript,2022-01-30T22:17:21Z,2025-03-18T02:51:14Z,2025-03-18T02:51:34Z,0,0,5,GNU General Public License v3.0,[]
453572255,node-version-audit,lightswitch05/node-version-audit,https://github.com/lightswitch05/node-version-audit,Audit your Node version for known CVEs and patches,JavaScript,2022-01-30T02:46:44Z,2025-03-18T02:46:13Z,2025-03-18T02:46:10Z,21,1,0,Apache License 2.0,"['audit', 'cve-scanning', 'cves', 'docker-image', 'node', 'node-js', 'nodejs', 'npm-package', 'security', 'security-audit', 'security-scanner', 'security-tools']"
453156753,woostats,nodatall/woostats,https://github.com/nodatall/woostats,,JavaScript,2022-01-28T17:26:37Z,2025-03-18T02:32:24Z,2025-03-18T02:32:20Z,3,1,0,MIT License,[]
451452802,flat-voortgang,DesignMuseumGent/flat-voortgang,https://github.com/DesignMuseumGent/flat-voortgang,,JavaScript,2022-01-24T12:20:49Z,2025-03-18T02:21:14Z,2025-03-18T02:21:10Z,0,0,0,,[]
446917197,user_migration,nextcloud/user_migration,https://github.com/nextcloud/user_migration,This app allows users to easily migrate from one instance to another using an export of their account,JavaScript,2022-01-11T17:25:37Z,2025-03-18T02:09:53Z,2025-03-18T02:09:57Z,20,8,27,GNU Affero General Public License v3.0,"['migrate', 'migration', 'nextcloud']"
444461075,strapi4,platformsh-templates/strapi4,https://github.com/platformsh-templates/strapi4,Strapi version 4 template for Platform.sh,JavaScript,2022-01-04T15:02:04Z,2025-03-18T02:08:27Z,2025-03-18T02:08:23Z,3,5,1,,[]
445950838,eslint-config,donmahallem/eslint-config,https://github.com/donmahallem/eslint-config,,JavaScript,2022-01-08T23:26:47Z,2025-03-18T02:03:01Z,2025-03-18T02:02:59Z,1,0,1,Apache License 2.0,[]
451523416,sumanbiswas7,sumanbiswas7/sumanbiswas7,https://github.com/sumanbiswas7/sumanbiswas7,"my personal repository, a bit about me. my bot calculates my uptime, total commits and keeps my readme updated :)",JavaScript,2022-01-24T15:37:33Z,2025-03-18T01:23:49Z,2025-03-18T01:23:44Z,0,0,0,,"['github', 'readme']"
448630101,stromausfall-snapshots,validblock/stromausfall-snapshots,https://github.com/validblock/stromausfall-snapshots,Daily snapshot of power outages in Germany,JavaScript,2022-01-16T17:51:28Z,2025-03-18T01:15:09Z,2025-03-18T01:15:06Z,0,0,0,MIT License,[]
448261460,covidsdashboard-data,yousfiSaad/covidsdashboard-data,https://github.com/yousfiSaad/covidsdashboard-data,"Processed covid related data, to be used in covidsdashboard.com",JavaScript,2022-01-15T11:44:20Z,2025-03-18T01:09:55Z,2025-03-18T01:09:50Z,0,0,0,,[]
450737563,pglin66,pglin66/pglin66,https://github.com/pglin66/pglin66,,JavaScript,2022-01-22T06:33:26Z,2025-03-18T01:09:25Z,2025-03-18T01:09:21Z,1,0,0,,[]
446550388,token-lists,brave/token-lists,https://github.com/brave/token-lists,Manages custom token lists for Brave Wallet,JavaScript,2022-01-10T19:09:56Z,2025-03-18T01:04:32Z,2025-03-18T01:04:30Z,23,9,16,Mozilla Public License 2.0,[]
453999439,fucking-awesome-mac,Correia-jpv/fucking-awesome-mac,https://github.com/Correia-jpv/fucking-awesome-mac,"Ô£ø Now we have become very big, Different from the original idea. Collect premium software in various categories. With repository stars‚≠ê and forksüç¥",JavaScript,2022-01-31T12:32:59Z,2025-03-18T01:01:43Z,2025-03-18T01:01:41Z,31,0,1,Creative Commons Zero v1.0 Universal,"['apple', 'awesome', 'awesome-list', 'awesome-lists', 'list', 'mac', 'mac-osx', 'macos', 'macosx', 'software']"
448008021,abhiverma001,abhiverma001/abhiverma001,https://github.com/abhiverma001/abhiverma001,Config files for my GitHub profile.,JavaScript,2022-01-14T15:06:07Z,2025-03-18T00:58:40Z,2025-03-18T00:58:37Z,0,0,1,,"['config', 'github-config']"
445789751,srs-docs,ossrs/srs-docs,https://github.com/ossrs/srs-docs,The documents for SRS,JavaScript,2022-01-08T10:34:32Z,2025-03-18T00:35:44Z,2025-03-18T00:45:41Z,12,43,1,MIT License,[]
450257135,node.it,DavitTec/node.it,https://github.com/DavitTec/node.it,playing with node,JavaScript,2022-01-20T21:03:39Z,2025-03-18T00:32:59Z,2025-03-18T00:32:54Z,0,0,0,MIT License,[]
449642722,OrganDonationAPP,ramzan-mmr/OrganDonationAPP,https://github.com/ramzan-mmr/OrganDonationAPP,,JavaScript,2022-01-19T10:18:51Z,2025-03-18T00:31:00Z,2025-03-18T00:30:56Z,0,0,0,,[]
451011520,community-images,rapidfort/community-images,https://github.com/rapidfort/community-images,:gem: RapidFort hardened secure images,JavaScript,2022-01-23T05:19:16Z,2025-03-18T00:25:54Z,2025-03-18T00:25:50Z,229,39,9,MIT License,"['cve', 'docker', 'docker-image', 'hardened', 'hardened-image', 'mariadb', 'mysql', 'nginx', 'postgresql', 'redis', 'security']"
446123949,shaoshupai-trending-hot-search,hua1995116/shaoshupai-trending-hot-search,https://github.com/hua1995116/shaoshupai-trending-hot-search,Â∞ëÊï∞Ê¥æÁÉ≠Èó®Ê¶úÔºåËÆ∞ÂΩï‰ªé 2022-01-09 Êó•ÂºÄÂßãÁöÑÂ∞ëÊï∞Ê¥æÁÉ≠Èó®ÊñáÁ´†„ÄÇÊØèÂ§© 21:00 ÊäìÂèñÔºåÊåâÂ§©ÂΩíÊ°£„ÄÇ,JavaScript,2022-01-09T15:15:22Z,2025-03-18T00:25:23Z,2025-03-18T00:25:20Z,28,2,1,MIT License,[]
453215037,fucking-awesome-react-native,Correia-jpv/fucking-awesome-react-native,https://github.com/Correia-jpv/fucking-awesome-react-native,"Awesome React Native components, news, tools, and learning material! With repository stars‚≠ê and forksüç¥",JavaScript,2022-01-28T20:58:42Z,2025-03-18T00:10:23Z,2025-03-18T00:10:22Z,15,3,2,,"['awesome', 'awesome-list', 'list', 'mobile', 'react', 'react-native']"
449135972,Tour-of-Honor-MobileApp,DJFriar/Tour-of-Honor-MobileApp,https://github.com/DJFriar/Tour-of-Honor-MobileApp,Mobile App for Tour of Honor,JavaScript,2022-01-18T04:11:13Z,2025-03-18T00:10:13Z,2025-03-18T00:10:09Z,0,0,0,,[]
447240884,adamsocrat,adamsocrat/adamsocrat,https://github.com/adamsocrat/adamsocrat,,JavaScript,2022-01-12T14:05:02Z,2025-03-18T00:10:03Z,2025-03-18T00:10:00Z,0,0,0,,[]
447363864,Baileys,WhiskeySockets/Baileys,https://github.com/WhiskeySockets/Baileys,Lightweight full-featured typescript/javascript WhatsApp Web API,JavaScript,2022-01-12T20:38:14Z,2025-03-18T03:38:58Z,2025-03-17T23:45:24Z,4915,1656,232,MIT License,[]
444966103,fleteRos-frontend,DamianBarzola/fleteRos-frontend,https://github.com/DamianBarzola/fleteRos-frontend,,JavaScript,2022-01-05T22:19:54Z,2025-03-17T23:34:37Z,2025-03-17T23:34:33Z,1,0,0,,[]
448045823,FreeCodeCamp,oscarocana/FreeCodeCamp,https://github.com/oscarocana/FreeCodeCamp,A repository of all my completed FreeCodeCamp projects/challenges,JavaScript,2022-01-14T17:07:13Z,2025-03-17T23:27:35Z,2025-03-17T23:27:31Z,0,0,0,,[]
451283336,tfaction-docs,suzuki-shunsuke/tfaction-docs,https://github.com/suzuki-shunsuke/tfaction-docs,Document of tfaction,JavaScript,2022-01-24T01:53:34Z,2025-03-17T23:16:16Z,2025-03-17T23:16:12Z,2,9,6,MIT License,['hacktoberfest']
445523930,kek-online-archive,defgsus/kek-online-archive,https://github.com/defgsus/kek-online-archive,archive of media ownership in germany,JavaScript,2022-01-07T13:05:42Z,2025-03-17T23:09:03Z,2025-03-17T23:08:59Z,4,1,0,,"['archive', 'broadcaster', 'democracy', 'historical-data', 'media', 'ownership', 'press', 'radio', 'shareholders', 'tv']"
443930441,gmierzwinski.github.io,gmierzwinski/gmierzwinski.github.io,https://github.com/gmierzwinski/gmierzwinski.github.io,Website for Gregory Mierzwinski,JavaScript,2022-01-03T03:32:38Z,2025-03-17T23:07:46Z,2025-03-17T23:07:43Z,0,0,0,GNU General Public License v3.0,[]
444393569,slowle,mkatch/slowle,https://github.com/mkatch/slowle,,JavaScript,2022-01-04T11:27:52Z,2025-03-17T23:01:22Z,2025-03-17T23:01:19Z,2,1,1,,[]
447214495,fastropemadeira,rubenf98/fastropemadeira,https://github.com/rubenf98/fastropemadeira,,JavaScript,2022-01-12T12:45:17Z,2025-03-17T23:01:07Z,2025-03-17T23:01:03Z,0,0,0,,[]
449208567,bring-your-umbrella,imranmollajoy/bring-your-umbrella,https://github.com/imranmollajoy/bring-your-umbrella,Forecast of my locality for next 5 days,JavaScript,2022-01-18T08:52:06Z,2025-03-17T22:41:58Z,2025-03-17T22:41:55Z,0,0,0,,[]
451204851,twitch_clips_player,teklynk/twitch_clips_player,https://github.com/teklynk/twitch_clips_player,OBS overlay that automatically plays clips from Twitch. Clips can be random or in the order they were created.,JavaScript,2022-01-23T19:11:35Z,2025-03-17T22:36:21Z,2025-03-17T22:36:18Z,24,8,8,,"['livestream', 'obs', 'twitch']"
448854468,hello-world-nextjs,GuilhermeStracini/hello-world-nextjs,https://github.com/GuilhermeStracini/hello-world-nextjs,üìö A repository to learn NextJS,JavaScript,2022-01-17T10:49:34Z,2025-03-17T22:33:46Z,2025-03-17T22:35:45Z,1,0,2,MIT License,"['examples', 'hello-world', 'hello-world-nextjs', 'learn', 'learning', 'nextjs', 'tests']"
447675471,PersonalSite,barnacleDevelopments/PersonalSite,https://github.com/barnacleDevelopments/PersonalSite,,JavaScript,2022-01-13T16:42:04Z,2025-03-17T22:31:45Z,2025-03-17T22:31:42Z,1,0,0,,[]
446191393,lectures,STAT540-UBC/lectures,https://github.com/STAT540-UBC/lectures,,JavaScript,2022-01-09T20:07:29Z,2025-03-17T22:12:38Z,2025-03-17T22:12:34Z,4,1,0,,[]
445373560,github-actions,dargmuesli/github-actions,https://github.com/dargmuesli/github-actions,,JavaScript,2022-01-07T02:27:50Z,2025-03-17T22:12:08Z,2025-03-17T22:12:05Z,1,0,1,GNU General Public License v3.0,[]
445951086,web-swedish-reader,arthow4n/web-swedish-reader,https://github.com/arthow4n/web-swedish-reader,Learn Swedish by reading articles with fast dictionary lookup and word compound analyser/guesser.,JavaScript,2022-01-08T23:28:34Z,2025-03-17T22:01:32Z,2025-03-17T22:01:29Z,0,0,0,MIT License,[]
443719540,coding-test,jungminji0215/coding-test,https://github.com/jungminji0215/coding-test,ÏΩîÎî©ÌÖåÏä§Ìä∏ Î¨∏Ï†ú ÌíÄÏù¥ Ï†ÄÏû•ÏÜå,JavaScript,2022-01-02T08:44:54Z,2025-03-17T21:52:27Z,2025-03-17T21:52:24Z,0,0,0,,[]
448892637,bridge,svt/bridge,https://github.com/svt/bridge,An extensible client for controlling real time graphics,JavaScript,2022-01-17T12:52:36Z,2025-03-17T21:29:41Z,2025-03-17T21:40:56Z,41,6,0,MIT License,"['casparcg', 'electron', 'graphics', 'playout', 'tv-production']"
444392969,github-actions,biblioteksentralen/github-actions,https://github.com/biblioteksentralen/github-actions,GitHub Actions composite actions for andre prosjekter,JavaScript,2022-01-04T11:25:36Z,2025-03-17T21:28:10Z,2025-03-17T21:28:07Z,0,1,1,,[]
452828481,spacepirates,jcorporation/spacepirates,https://github.com/jcorporation/spacepirates,Piraten im Weltraum,JavaScript,2022-01-27T20:09:40Z,2025-03-17T21:21:36Z,2025-03-17T21:21:32Z,1,0,8,,"['jcgames', 'pen-and-paper']"
451763901,uuid,jobscale/uuid,https://github.com/jobscale/uuid,,JavaScript,2022-01-25T06:37:15Z,2025-03-17T21:20:45Z,2025-03-17T21:20:42Z,0,0,0,,[]
446537767,symfony,lando/symfony,https://github.com/lando/symfony,The Official Symfony Lando Plugin,JavaScript,2022-01-10T18:27:47Z,2025-03-17T21:18:03Z,2025-03-17T21:18:01Z,6,3,8,GNU General Public License v3.0,"['lando', 'lando-plugin', 'lando-recipe', 'lando-service', 'symfony']"
451211251,logger,jobscale/logger,https://github.com/jobscale/logger,,JavaScript,2022-01-23T19:38:00Z,2025-03-17T21:15:38Z,2025-03-17T21:15:34Z,0,0,0,,[]
452330263,fetch,jobscale/fetch,https://github.com/jobscale/fetch,,JavaScript,2022-01-26T15:30:44Z,2025-03-17T21:13:38Z,2025-03-17T21:13:35Z,0,0,0,,[]
452478856,autocannon,jobscale/autocannon,https://github.com/jobscale/autocannon,,JavaScript,2022-01-26T23:48:32Z,2025-03-17T21:10:54Z,2025-03-17T21:10:50Z,0,0,0,,[]
452857312,admin,cerramaximiliano/admin,https://github.com/cerramaximiliano/admin,,JavaScript,2022-01-27T21:53:32Z,2025-03-17T20:39:36Z,2025-03-17T20:39:32Z,0,0,0,,[]
449017227,legacy_annotation_tool,neurobagel/legacy_annotation_tool,https://github.com/neurobagel/legacy_annotation_tool,,JavaScript,2022-01-17T19:09:06Z,2025-03-17T20:25:36Z,2025-03-17T20:31:15Z,3,8,17,MIT License,"['fair-principles', 'linked-data']"
445920366,putio-downloader,jmugliston/putio-downloader,https://github.com/jmugliston/putio-downloader,Put.io downloader app.,JavaScript,2022-01-08T20:23:18Z,2025-03-17T19:59:50Z,2025-03-17T19:59:49Z,2,0,0,MIT License,[]
446915695,helix-mediahandler,adobe/helix-mediahandler,https://github.com/adobe/helix-mediahandler,Library for interacting with the helix media-bus,JavaScript,2022-01-11T17:20:54Z,2025-03-17T19:54:34Z,2025-03-17T19:54:32Z,2,4,2,Apache License 2.0,"['helix', 'library']"
445628777,p5_collection,Em1lT/p5_collection,https://github.com/Em1lT/p5_collection,Collection of different types of small projects made with p5.js,JavaScript,2022-01-07T19:19:01Z,2025-03-17T19:51:43Z,2025-03-17T19:51:40Z,0,0,0,,[]
452473634,wasm,exercism/wasm,https://github.com/exercism/wasm,Exercism exercises in WebAssembly.,JavaScript,2022-01-26T23:23:39Z,2025-03-17T19:28:25Z,2025-03-17T19:28:20Z,9,21,12,MIT License,"['community-contributions-paused', 'exercism-track', 'maintained']"
449191296,helix-sidekick-extension,adobe/helix-sidekick-extension,https://github.com/adobe/helix-sidekick-extension,Browser extension for authors on AEM projects,JavaScript,2022-01-18T07:55:36Z,2025-03-17T19:07:53Z,2025-03-17T19:07:50Z,23,40,59,Apache License 2.0,"['chrome-extension', 'helix', 'helix2', 'helix3']"
445621367,labs,BrightspaceUI/labs,https://github.com/BrightspaceUI/labs,,JavaScript,2022-01-07T18:47:47Z,2025-03-17T19:04:56Z,2025-03-17T19:04:54Z,0,1,4,Apache License 2.0,[]
454074519,bike-fun,harryqover/bike-fun,https://github.com/harryqover/bike-fun,,JavaScript,2022-01-31T16:06:37Z,2025-03-17T18:56:50Z,2025-03-17T18:56:47Z,0,0,0,,[]
453142468,funcSug,cl4cnam/funcSug,https://github.com/cl4cnam/funcSug,A scripting language that simplifies GUI programming in browser for more linear code in line with async/await and structured concurrency,JavaScript,2022-01-28T16:40:41Z,2025-03-17T18:47:47Z,2025-03-17T18:47:43Z,9,0,5,GNU General Public License v3.0,"['async-await', 'await-event', 'browser', 'easy-programming', 'gui-programming', 'logical-parallelism', 'programming-language', 'structured-concurrency']"
446867909,VIkash-8090-Yadav,Vikash-8090-Yadav/VIkash-8090-Yadav,https://github.com/Vikash-8090-Yadav/VIkash-8090-Yadav,,JavaScript,2022-01-11T15:05:30Z,2025-03-17T18:12:10Z,2025-03-18T00:57:59Z,4,6,0,,[]
444975719,IDEddy.github.io,IDEddy/IDEddy.github.io,https://github.com/IDEddy/IDEddy.github.io,,JavaScript,2022-01-05T23:07:25Z,2025-03-17T17:56:29Z,2025-03-17T17:56:26Z,0,0,0,,[]
450904391,VincentJuge1987.github.io,VincentJuge1987/VincentJuge1987.github.io,https://github.com/VincentJuge1987/VincentJuge1987.github.io,,JavaScript,2022-01-22T18:38:45Z,2025-03-17T17:53:06Z,2025-03-17T17:53:03Z,3,0,0,GNU General Public License v3.0,[]
444879356,content-scope-scripts,duckduckgo/content-scope-scripts,https://github.com/duckduckgo/content-scope-scripts,A collection of shared JavaScript and HTML projects that are used within our Browsers.,JavaScript,2022-01-05T16:47:16Z,2025-03-17T17:51:38Z,2025-03-17T19:27:41Z,48,28,42,Apache License 2.0,[]
447283171,usdr-gost,usdigitalresponse/usdr-gost,https://github.com/usdigitalresponse/usdr-gost,USDR-hosted grants management tools,JavaScript,2022-01-12T16:05:41Z,2025-03-17T17:48:30Z,2025-03-17T17:48:27Z,32,22,336,Apache License 2.0,[]
453041370,jetpack-shared-extension-utils,Automattic/jetpack-shared-extension-utils,https://github.com/Automattic/jetpack-shared-extension-utils,"[READ ONLY] Utility functions used by the block editor extensions. This repository is a mirror, for issue tracking and development head to: https://github.com/automattic/jetpack",JavaScript,2022-01-28T11:24:28Z,2025-03-17T17:40:11Z,2025-03-17T17:40:07Z,2,2,0,Other,[]
446163911,content-entry-transform,arlac77/content-entry-transform,https://github.com/arlac77/content-entry-transform,transform content entries,JavaScript,2022-01-09T17:58:54Z,2025-03-17T17:33:24Z,2025-03-17T17:33:33Z,0,0,0,BSD Zero Clause License,[]
453050356,web-components-toolbox,mits-gossau/web-components-toolbox,https://github.com/mits-gossau/web-components-toolbox,web components toolbox to be used by a CMS or SPA,JavaScript,2022-01-28T11:57:31Z,2025-03-17T17:32:42Z,2025-03-17T17:32:38Z,7,1,2,Other,[]
448000775,ArchiCG,nfigay/ArchiCG,https://github.com/nfigay/ArchiCG,ArchiMate Compound Graphs Viewer and Analyzer,JavaScript,2022-01-14T14:44:10Z,2025-03-17T17:04:34Z,2025-03-17T17:04:30Z,17,3,4,MIT License,[]
451510283,codewars-katas,apcurran/codewars-katas,https://github.com/apcurran/codewars-katas,My solutions to various Codewars katas,JavaScript,2022-01-24T15:02:36Z,2025-03-17T16:54:37Z,2025-03-17T16:54:33Z,0,0,0,,[]
452785399,Crypto-Tracker,Lanzar-dev/Crypto-Tracker,https://github.com/Lanzar-dev/Crypto-Tracker,,JavaScript,2022-01-27T17:48:55Z,2025-03-17T16:51:34Z,2025-03-17T17:02:37Z,0,0,0,,[]
449423807,ffc-pay-request-editor,DEFRA/ffc-pay-request-editor,https://github.com/DEFRA/ffc-pay-request-editor,Edit payment requests,JavaScript,2022-01-18T19:42:45Z,2025-03-17T16:47:46Z,2025-03-17T16:56:08Z,0,0,0,Other,[]
452136412,github-action-contributors,jaywcjlove/github-action-contributors,https://github.com/jaywcjlove/github-action-contributors,Github action generates dynamic image URL for contributor list to display it!,JavaScript,2022-01-26T04:09:49Z,2025-03-17T16:44:24Z,2025-03-17T16:46:02Z,35,1,6,MIT License,"['actions', 'avatar', 'avatar-generator', 'contributors', 'contributors-avatar', 'github-actions', 'svg']"
445604732,github-ensure-file,simoneb/github-ensure-file,https://github.com/simoneb/github-ensure-file,Ensures a file exists across repos of a user or an org in GitHub,JavaScript,2022-01-07T17:42:35Z,2025-03-17T16:43:24Z,2025-03-17T16:43:22Z,0,0,4,Other,[]
453354548,node-red-my-nodes,m-schaeffler/node-red-my-nodes,https://github.com/m-schaeffler/node-red-my-nodes,my nodes for node red,JavaScript,2022-01-29T09:35:18Z,2025-03-17T16:34:31Z,2025-03-17T16:34:27Z,5,4,1,GNU Lesser General Public License v2.1,"['javascipt', 'node-red']"
448544348,MC_go,jsflzhong/MC_go,https://github.com/jsflzhong/MC_go,The project to learn and use Go ,JavaScript,2022-01-16T12:14:33Z,2025-03-17T16:26:02Z,2025-03-17T16:25:58Z,1,0,0,,[]
447329139,jordangalida.github.io,jordangalida/jordangalida.github.io,https://github.com/jordangalida/jordangalida.github.io,,JavaScript,2022-01-12T18:31:48Z,2025-03-17T16:22:01Z,2025-03-17T16:21:57Z,0,0,0,,[]
450146638,js-taiwan-after-schools-map,henryleeworld/js-taiwan-after-schools-map,https://github.com/henryleeworld/js-taiwan-after-schools-map,Âè∞ÁÅ£Áü≠ÊúüË£úÁøíÁè≠ÂàÜ‰ΩàÂúñ,JavaScript,2022-01-20T15:14:00Z,2025-03-17T16:16:41Z,2025-03-17T16:16:37Z,0,0,0,,[]
450145647,js-taiwan-reservoirs-information,henryleeworld/js-taiwan-reservoirs-information,https://github.com/henryleeworld/js-taiwan-reservoirs-information,Âè∞ÁÅ£Ê∞¥Â∫´Ê∞¥ÊÉÖ,JavaScript,2022-01-20T15:11:22Z,2025-03-17T16:14:55Z,2025-03-17T16:14:51Z,0,0,0,,[]
443810235,afpweb,stdio2016/afpweb,https://github.com/stdio2016/afpweb,"Originally Audio FingerPrint Web, now it's Jianpu search by humming",JavaScript,2022-01-02T16:11:53Z,2025-03-17T16:00:49Z,2025-03-17T16:00:45Z,0,1,1,,"['jianpu', 'query-by-humming']"
453543358,msswabot,mssjew/msswabot,https://github.com/mssjew/msswabot,,JavaScript,2022-01-29T23:27:53Z,2025-03-17T15:58:12Z,2025-03-17T15:58:08Z,0,0,0,,[]
452864276,plattform,republik/plattform,https://github.com/republik/plattform,The platform that powers republik.ch. A tailored solution for a membership based online magazine.,JavaScript,2022-01-27T22:22:40Z,2025-03-17T15:56:44Z,2025-03-17T15:56:42Z,76,11,44,,"['apollo', 'cms', 'graphql', 'nextjs', 'postgresql', 'react', 'wysiwyg']"
446561498,tutorscheduling-backend,OC-ComputerScience/tutorscheduling-backend,https://github.com/OC-ComputerScience/tutorscheduling-backend,This repository is for the backend of the OC Tutor Scheduling system with Node.,JavaScript,2022-01-10T19:49:29Z,2025-03-17T15:37:04Z,2025-03-17T15:38:23Z,1,0,0,,[]
446972276,fxserver-versions-scraper,routmoute/fxserver-versions-scraper,https://github.com/routmoute/fxserver-versions-scraper,a tool to scrape latest FXServer versions and automatically update https://github.com/routmoute/fxserver,JavaScript,2022-01-11T20:32:47Z,2025-03-17T15:36:40Z,2025-03-17T15:36:36Z,1,0,0,MIT License,[]
446732693,key-tools,wadoon/key-tools,https://github.com/wadoon/key-tools,Tools for the KeY Theorem Prover ,JavaScript,2022-01-11T08:14:06Z,2025-03-17T15:33:38Z,2025-03-17T15:33:40Z,1,1,2,GNU General Public License v2.0,[]
445395088,Quotes,leehildebrand/Quotes,https://github.com/leehildebrand/Quotes,Things I like to read,JavaScript,2022-01-07T04:16:36Z,2025-03-17T15:10:11Z,2025-03-17T15:10:57Z,0,0,0,Creative Commons Zero v1.0 Universal,"['lwc-oss', 'salesforce', 'sfdx']"
454140599,speaker-calibration,EasyEyes/speaker-calibration,https://github.com/EasyEyes/speaker-calibration,a p2p system that calibrates user's speakers with their mobile device,JavaScript,2022-01-31T19:25:37Z,2025-03-17T15:09:43Z,2025-03-17T15:09:39Z,2,2,0,MIT License,[]
444923723,lcgbr-ecom,edurezende10/lcgbr-ecom,https://github.com/edurezende10/lcgbr-ecom,,JavaScript,2022-01-05T19:19:10Z,2025-03-17T15:03:02Z,2025-03-17T15:02:59Z,0,0,0,,[]
449224100,docs,sikt-no/docs,https://github.com/sikt-no/docs,,JavaScript,2022-01-18T09:41:06Z,2025-03-17T14:12:58Z,2025-03-17T14:50:12Z,1,17,18,,[]
443915641,chrislockard.net,chrislockard/chrislockard.net,https://github.com/chrislockard/chrislockard.net,,JavaScript,2022-01-03T02:04:32Z,2025-03-17T13:49:27Z,2025-03-17T13:49:24Z,1,0,0,,[]
449805730,NSE-BhavCopy-Daily,ShabbirHasan1/NSE-BhavCopy-Daily,https://github.com/ShabbirHasan1/NSE-BhavCopy-Daily,,JavaScript,2022-01-19T18:17:01Z,2025-03-17T13:45:08Z,2025-03-17T13:45:03Z,1,1,0,,[]
448349021,web-logbook,vsimakhin/web-logbook,https://github.com/vsimakhin/web-logbook,EASA Web Pilot Logbook,JavaScript,2022-01-15T17:44:01Z,2025-03-17T12:51:26Z,2025-03-17T12:51:22Z,38,10,8,MIT License,"['digital', 'easa', 'electronic', 'fcl050', 'free', 'go', 'golang', 'logbook', 'opensource', 'pdf', 'pilot']"
444082158,algorithm_study,maywngml/algorithm_study,https://github.com/maywngml/algorithm_study,ÏïåÍ≥†Î¶¨Ï¶ò Í∞úÏù∏ Ïä§ÌÑ∞Îîî,JavaScript,2022-01-03T14:03:48Z,2025-03-17T12:49:23Z,2025-03-17T12:49:20Z,0,0,0,,[]
451647314,dpl4server,bicsak/dpl4server,https://github.com/bicsak/dpl4server,,JavaScript,2022-01-24T22:00:14Z,2025-03-17T12:46:38Z,2025-03-17T12:46:35Z,0,0,0,,[]
448362275,JavascriptKeyboard,EricLondon/JavascriptKeyboard,https://github.com/EricLondon/JavascriptKeyboard,,JavaScript,2022-01-15T18:43:14Z,2025-03-17T12:33:56Z,2025-03-17T12:33:59Z,0,0,0,MIT License,[]
444149980,gDorigon.github.io,gDorigon/gDorigon.github.io,https://github.com/gDorigon/gDorigon.github.io,,JavaScript,2022-01-03T17:46:05Z,2025-03-17T12:22:55Z,2025-03-17T12:22:51Z,0,0,0,,[]
452199213,aziendasanitaria-utils,deduzzo/aziendasanitaria-utils,https://github.com/deduzzo/aziendasanitaria-utils,Utility per la gestione dei flussi sanitari,JavaScript,2022-01-26T08:38:54Z,2025-03-17T12:21:47Z,2025-03-17T12:21:43Z,0,0,0,,[]
449818316,HatsAndCaps,seyanaracore/HatsAndCaps,https://github.com/seyanaracore/HatsAndCaps,,JavaScript,2022-01-19T18:57:18Z,2025-03-17T12:19:39Z,2025-03-17T12:19:36Z,0,0,0,,[]
453544640,seshat,EdgeDLT/seshat,https://github.com/EdgeDLT/seshat,,JavaScript,2022-01-29T23:36:19Z,2025-03-17T12:06:41Z,2025-03-17T12:06:33Z,1,0,0,,[]
449242238,nodejs-express-jwt-mongodb-boilerplate,talatkuyuk/nodejs-express-jwt-mongodb-boilerplate,https://github.com/talatkuyuk/nodejs-express-jwt-mongodb-boilerplate,,JavaScript,2022-01-18T10:38:27Z,2025-03-17T11:59:04Z,2025-03-17T11:58:56Z,1,0,0,MIT License,[]
447259081,FormPress,FormPress/FormPress,https://github.com/FormPress/FormPress,Open Source Form Builder,JavaScript,2022-01-12T14:56:48Z,2025-03-17T11:48:02Z,2025-03-17T11:47:57Z,20,5,1,MIT License,"['form-builder', 'form-builder-using-react', 'kubernetes', 'nodejs', 'open-source', 'reactjs', 'terraform']"
448622257,awesome-web3,ahmet/awesome-web3,https://github.com/ahmet/awesome-web3,"A curated list of awesome Web3 resources, libraries, tools and more.",JavaScript,2022-01-16T17:19:15Z,2025-03-17T11:47:23Z,2025-03-17T11:47:20Z,622,133,2,Creative Commons Zero v1.0 Universal,"['awesome', 'awesome-list', 'blockchain', 'ethereum', 'smart-contracts', 'solidity', 'web3']"
446575849,ChemicalStructureEditor,SergiiDudkin/ChemicalStructureEditor,https://github.com/SergiiDudkin/ChemicalStructureEditor,,JavaScript,2022-01-10T20:43:40Z,2025-03-17T11:40:16Z,2025-03-17T11:40:12Z,0,1,0,,[]
446187405,dotfiles,mimukit/dotfiles,https://github.com/mimukit/dotfiles,"My dotfiles, powered by Dotbot",JavaScript,2022-01-09T19:48:24Z,2025-03-17T11:24:10Z,2025-03-17T11:24:07Z,1,0,0,,[]
444213883,monorepo,lanekatris/monorepo,https://github.com/lanekatris/monorepo,,JavaScript,2022-01-03T22:13:30Z,2025-03-17T11:17:52Z,2025-03-17T11:17:49Z,0,1,0,,[]
450506473,portfolio-v2,Babu-Mohammed-Izhan/portfolio-v2,https://github.com/Babu-Mohammed-Izhan/portfolio-v2,portfolio-v2,JavaScript,2022-01-21T13:40:54Z,2025-03-17T11:17:42Z,2025-03-17T11:17:38Z,0,0,0,,[]
445891456,andreped.github.io,andreped/andreped.github.io,https://github.com/andreped/andreped.github.io,Personal website,JavaScript,2022-01-08T17:59:48Z,2025-03-17T10:40:30Z,2025-03-18T00:23:26Z,1,0,1,MIT License,[]
448862714,ipv-cri-address-front,govuk-one-login/ipv-cri-address-front,https://github.com/govuk-one-login/ipv-cri-address-front,Address Credential Issuer frontend,JavaScript,2022-01-17T11:16:58Z,2025-03-17T10:08:23Z,2025-03-18T04:02:52Z,3,1,9,MIT License,"['cri-orange', 'digital-identity']"
446771018,warlord,dobriy-vecher-vlad/warlord,https://github.com/dobriy-vecher-vlad/warlord,–ù–∞–±–æ—Ä –≤—Å–ø–æ–º–æ–≥–∞—Ç–µ–ª—å–Ω—ã—Ö —Å–µ—Ä–≤–∏—Å–æ–≤ –ø–æ –∏–≥—Ä–µ WARLORD.,JavaScript,2022-01-11T10:15:34Z,2025-03-17T10:03:09Z,2025-03-17T10:03:00Z,0,0,0,,"['vk', 'warlord']"
451508047,ipv-cri-kbv-front,govuk-one-login/ipv-cri-kbv-front,https://github.com/govuk-one-login/ipv-cri-kbv-front,Frontend for the Knowledge Based Verification Credential Issuer,JavaScript,2022-01-24T14:56:47Z,2025-03-17T10:01:45Z,2025-03-18T03:21:29Z,2,0,5,MIT License,"['cri-orange', 'digital-identity']"
454164378,webvm,leaningtech/webvm,https://github.com/leaningtech/webvm,Virtual Machine for the Web,JavaScript,2022-01-31T20:45:58Z,2025-03-18T03:53:52Z,2025-03-17T09:40:51Z,12336,2086,10,Apache License 2.0,"['cheerp', 'cheerpx', 'cpp', 'lwip', 'repl', 'tailscale', 'vm', 'wasm', 'webassembly', 'webvm', 'xterm-js']"
450927247,strudel,tidalcycles/strudel,https://github.com/tidalcycles/strudel,"Web-based environment for live coding algorithmic patterns, incorporating a faithful port of TidalCycles to JavaScript",JavaScript,2022-01-22T20:24:35Z,2025-03-17T21:44:53Z,2025-03-17T09:38:55Z,771,135,269,GNU Affero General Public License v3.0,"['algorave', 'algorithmic-patterns', 'javascript', 'livecoding', 'music', 'synthesizer', 'tidal', 'tidalcycles', 'web-audio', 'webaudio']"
447952495,uber-clone,Shashwat0212/uber-clone,https://github.com/Shashwat0212/uber-clone,,JavaScript,2022-01-14T12:00:33Z,2025-03-17T09:35:44Z,2025-03-17T09:35:40Z,0,0,0,,[]
450875703,roborock-controller-api,jmugliston/roborock-controller-api,https://github.com/jmugliston/roborock-controller-api,Roborock controller API,JavaScript,2022-01-22T16:42:41Z,2025-03-17T09:12:56Z,2025-03-17T09:12:55Z,3,0,0,MIT License,[]
447543252,com.tomtom,martijnpoppen/com.tomtom,https://github.com/martijnpoppen/com.tomtom,A Homey app for TomTom EV Service,JavaScript,2022-01-13T09:43:39Z,2025-03-17T08:36:06Z,2025-03-17T08:36:02Z,1,0,0,,[]
448500628,mocowcow.github.io,mocowcow/mocowcow.github.io,https://github.com/mocowcow/mocowcow.github.io,,JavaScript,2022-01-16T08:43:58Z,2025-03-17T08:10:46Z,2025-03-17T08:10:42Z,1,0,0,MIT License,[]
446445207,frontend-monorepo,obvious-inc/frontend-monorepo,https://github.com/obvious-inc/frontend-monorepo,,JavaScript,2022-01-10T13:59:21Z,2025-03-17T07:58:02Z,2025-03-17T07:57:59Z,15,12,2,GNU General Public License v3.0,[]
446272278,ScoreSaberRanking,rynan4818/ScoreSaberRanking,https://github.com/rynan4818/ScoreSaberRanking,ScoreSaber„ÅÆÂêÑÁ®Æ„É©„É≥„Ç≠„É≥„Ç∞,JavaScript,2022-01-10T03:47:48Z,2025-03-17T07:53:47Z,2025-03-17T07:53:43Z,5,1,0,,[]
450991127,wx_miniprogram_act,wqjj211314/wx_miniprogram_act,https://github.com/wqjj211314/wx_miniprogram_act,,JavaScript,2022-01-23T03:05:24Z,2025-03-17T07:48:00Z,2025-03-17T07:47:56Z,0,0,0,,[]
444009684,solve-my-sudoku,rushikeshbharad/solve-my-sudoku,https://github.com/rushikeshbharad/solve-my-sudoku,,JavaScript,2022-01-03T09:45:06Z,2025-03-17T07:31:23Z,2025-03-17T07:31:20Z,0,0,0,,[]
453248702,nasa_planet_analyser,mishalalex/nasa_planet_analyser,https://github.com/mishalalex/nasa_planet_analyser,NodeJs | csv-parse library | Cli application | Returns habitable planets from the data collected by Nasa's Kepler telescope.,JavaScript,2022-01-28T23:39:16Z,2025-03-17T07:20:53Z,2025-03-17T07:20:18Z,1,0,0,,"['cli-app', 'csv-parse', 'javascript', 'nodejs']"
446930698,webpack-plugin,eik-lib/webpack-plugin,https://github.com/eik-lib/webpack-plugin,Webpack plugin to do build-time import mapping using Eik,JavaScript,2022-01-11T18:09:06Z,2025-03-17T07:11:44Z,2025-03-17T07:11:42Z,0,0,3,MIT License,"['eik', 'eik-import-mapping', 'webpack-plugin']"
445020132,leet_code,AmberMichaelis/leet_code,https://github.com/AmberMichaelis/leet_code,My Leet Code Solutions,JavaScript,2022-01-06T02:51:37Z,2025-03-17T07:00:16Z,2025-03-17T07:00:13Z,0,0,1,,[]
452121893,Theo-Platt.github.io,Theo-Platt/Theo-Platt.github.io,https://github.com/Theo-Platt/Theo-Platt.github.io,,JavaScript,2022-01-26T03:00:13Z,2025-03-17T06:36:55Z,2025-03-17T06:36:52Z,0,0,0,,[]
453268152,siddu1998.github.io,siddu1998/siddu1998.github.io,https://github.com/siddu1998/siddu1998.github.io,Just a dump of projects and me!,JavaScript,2022-01-29T01:38:35Z,2025-03-17T06:08:20Z,2025-03-17T06:08:17Z,2,1,0,,[]
451036806,idkan,idkan/idkan,https://github.com/idkan/idkan,This is my personal repo for README,JavaScript,2022-01-23T07:43:46Z,2025-03-17T05:37:37Z,2025-03-17T05:37:34Z,0,0,0,,"['github', 'readme']"
448062736,DSA,asutoshb/DSA,https://github.com/asutoshb/DSA,Most important DSA Questions,JavaScript,2022-01-14T18:05:27Z,2025-03-17T05:21:35Z,2025-03-17T05:21:31Z,0,0,0,,[]
449826423,eslint-config-doctari,doctariDev/eslint-config-doctari,https://github.com/doctariDev/eslint-config-doctari,,JavaScript,2022-01-19T19:23:54Z,2025-03-17T05:03:00Z,2025-03-17T05:02:56Z,0,0,0,,[]
450700546,personal-landing-page,BenjaminMichaelis/personal-landing-page,https://github.com/BenjaminMichaelis/personal-landing-page,My own personal landing page; LinkTree alternative,JavaScript,2022-01-22T02:49:40Z,2025-03-17T04:51:06Z,2025-03-17T04:51:03Z,4,0,2,MIT License,"['landing-page', 'landingpage', 'linktree', 'linktree-alternative', 'linktree-clone']"
448409510,luckyos-code.github.io,luckyos-code/luckyos-code.github.io,https://github.com/luckyos-code/luckyos-code.github.io,Source to my personal website,JavaScript,2022-01-15T22:56:34Z,2025-03-17T04:43:01Z,2025-03-17T04:43:46Z,0,0,0,MIT License,[]
449484272,homeChange_vs2022,emersonmadrid/homeChange_vs2022,https://github.com/emersonmadrid/homeChange_vs2022,"# Welcome to QuickExchange! QuickExchange is your go-to web application for fast, reliable, and user-friendly currency conversion. Whether you're a seasoned traveler, an international businessperson",JavaScript,2022-01-18T23:46:58Z,2025-03-17T03:39:51Z,2025-03-17T03:39:47Z,0,0,0,,[]
449983296,hap-toolkit,hapjs-platform/hap-toolkit,https://github.com/hapjs-platform/hap-toolkit,"Quickapp command line tools to support project creation, compilation, debugging support, etc.",JavaScript,2022-01-20T06:36:58Z,2025-03-18T02:40:07Z,2025-03-17T03:22:32Z,42,27,20,Apache License 2.0,[]
452935594,eslint-config,jgarber623/eslint-config,https://github.com/jgarber623/eslint-config,Shareable ESLint configuration.,JavaScript,2022-01-28T04:13:32Z,2025-03-17T03:00:00Z,2025-03-17T02:59:55Z,2,0,0,MIT License,"['eslint', 'eslint-config', 'javascript', 'nodejs']"
445012005,coding-test,hn8423/coding-test,https://github.com/hn8423/coding-test,,JavaScript,2022-01-06T02:14:21Z,2025-03-17T02:39:31Z,2025-03-17T02:39:27Z,0,0,0,,[]
445434994,wordsmith,internetarchive/wordsmith,https://github.com/internetarchive/wordsmith,Wordle game - home grown and like a typewriter ~/:::/¬∫,JavaScript,2022-01-07T07:26:37Z,2025-03-17T02:28:42Z,2025-03-17T02:28:35Z,1,0,0,MIT License,"['game', 'puzzle', 'wordle', 'words']"
444681115,zzz_wx_ui,dx24680/zzz_wx_ui,https://github.com/dx24680/zzz_wx_ui,,JavaScript,2022-01-05T05:54:14Z,2025-03-17T02:25:27Z,2025-03-17T02:25:23Z,0,0,0,Apache License 2.0,[]
452234824,ndarray-base-assert-is-read-only,stdlib-js/ndarray-base-assert-is-read-only,https://github.com/stdlib-js/ndarray-base-assert-is-read-only,Test if an ndarray is read-only.,JavaScript,2022-01-26T10:37:57Z,2025-03-17T01:46:58Z,2025-03-17T03:10:39Z,1,0,0,Apache License 2.0,[]
445642420,vue-stark-boil,dontpanicdao/vue-stark-boil,https://github.com/dontpanicdao/vue-stark-boil,Vue.js boilerplate for interacting with StarkNet,JavaScript,2022-01-07T20:19:45Z,2025-03-17T01:19:15Z,2025-03-17T01:19:12Z,19,3,4,,[]
449984522,ndarray-zeros,stdlib-js/ndarray-zeros,https://github.com/stdlib-js/ndarray-zeros,Create a zero-filled ndarray having a specified shape and data type.,JavaScript,2022-01-20T06:41:51Z,2025-03-17T01:17:38Z,2025-03-17T01:44:32Z,2,0,0,Apache License 2.0,[]
447177549,array-typed-complex,stdlib-js/array-typed-complex,https://github.com/stdlib-js/array-typed-complex,Create a complex number typed array.,JavaScript,2022-01-12T10:42:27Z,2025-03-17T01:00:47Z,2025-03-17T01:17:01Z,2,0,0,Apache License 2.0,"['array', 'complex128array', 'complex64array', 'data', 'double', 'double-precision', 'javascript', 'matrix', 'ndarray', 'node', 'node-js', 'nodejs', 'precision', 'stdlib', 'structure', 'typed', 'typed-array', 'types', 'vector']"
452823247,json,angelhtml/json,https://github.com/angelhtml/json,,JavaScript,2022-01-27T19:51:59Z,2025-03-17T00:58:19Z,2025-03-17T00:58:16Z,0,0,0,,[]
451739922,plexrepo,shantanuyadav/plexrepo,https://github.com/shantanuyadav/plexrepo,,JavaScript,2022-01-25T04:54:31Z,2025-03-17T00:30:31Z,2025-03-17T00:30:27Z,0,0,0,,[]
444935915,ember-apply,NullVoxPopuli/ember-apply,https://github.com/NullVoxPopuli/ember-apply,Automatic integration and configuration from the EmberJS community,JavaScript,2022-01-05T20:07:05Z,2025-03-17T20:34:20Z,2025-03-16T22:51:16Z,37,9,25,MIT License,"['automation', 'hacktoberfest', 'monorepo', 'nodejs']"
447864533,LeetCode,Gemnnn/LeetCode,https://github.com/Gemnnn/LeetCode,Solved the problems in LeetCode and recorded,JavaScript,2022-01-14T06:25:53Z,2025-03-16T22:49:18Z,2025-03-16T22:49:15Z,0,0,0,MIT License,[]
450676212,obscene_racing_machine,JakeWLang/obscene_racing_machine,https://github.com/JakeWLang/obscene_racing_machine,"""Jake Lang's portfolio project""",JavaScript,2022-01-22T00:12:58Z,2025-03-16T21:57:36Z,2025-03-16T21:57:33Z,0,0,0,,[]
448610727,Translators-Discord-Bot,arasuludag/Translators-Discord-Bot,https://github.com/arasuludag/Translators-Discord-Bot,A very comprehensive Discord bot using NodeJS and DiscordJS.,JavaScript,2022-01-16T16:33:59Z,2025-03-16T21:30:45Z,2025-03-16T21:30:41Z,0,0,0,,"['bot', 'discord', 'discord-bot', 'discord-js', 'discordjs']"
444202151,press-start,OG-Ted/press-start,https://github.com/OG-Ted/press-start,,JavaScript,2022-01-03T21:18:02Z,2025-03-16T21:29:05Z,2025-03-16T21:29:01Z,0,0,0,,[]
443855202,korogluoykuleri,emrergin/korogluoykuleri,https://github.com/emrergin/korogluoykuleri,K√∂roƒülu √ñyk√º At√∂lyesindeki √ñyk√ºler,JavaScript,2022-01-02T19:43:28Z,2025-03-16T21:05:19Z,2025-03-16T21:05:17Z,1,0,0,,[]
453207396,vizitka-interaktivni,TeVr42/vizitka-interaktivni,https://github.com/TeVr42/vizitka-interaktivni,,JavaScript,2022-01-28T20:27:21Z,2025-03-16T20:49:58Z,2025-03-16T20:49:54Z,0,0,0,,[]
446073889,ewibot,Eccleria/ewibot,https://github.com/Eccleria/ewibot,Discord bot for La Qu√™te d'Ewilan server.,JavaScript,2022-01-09T11:52:13Z,2025-03-16T20:43:03Z,2025-03-16T21:28:37Z,3,0,33,,"['bot', 'discord-bot', 'nodejs', 'yarn']"
451056125,EatDanbai,yalwolf/EatDanbai,https://github.com/yalwolf/EatDanbai,ÂêÉÊéâËõãÁôΩ ÁΩëÈ°µÂ∞èÊ∏∏Êàè,JavaScript,2022-01-23T09:21:06Z,2025-03-16T20:13:54Z,2025-03-16T20:13:50Z,0,0,0,Apache License 2.0,"['css', 'html', 'javascript', 'php']"
452163234,Rules,dler-io/Rules,https://github.com/dler-io/Rules,,JavaScript,2022-01-26T06:20:37Z,2025-03-17T01:25:22Z,2025-03-16T19:26:58Z,1087,227,15,,[]
450134475,inotebook,sakshamdani1402/inotebook,https://github.com/sakshamdani1402/inotebook,,JavaScript,2022-01-20T14:40:49Z,2025-03-16T18:56:53Z,2025-03-16T18:56:50Z,0,0,0,,[]
447545641,youtubeclone,Agnyathavasi/youtubeclone,https://github.com/Agnyathavasi/youtubeclone,,JavaScript,2022-01-13T09:51:51Z,2025-03-16T18:28:00Z,2025-03-16T18:27:57Z,0,0,0,,[]
451110427,portfolio,rajatverma311201/portfolio,https://github.com/rajatverma311201/portfolio,,JavaScript,2022-01-23T13:21:42Z,2025-03-16T18:11:21Z,2025-03-16T18:11:17Z,3,0,0,,"['framer-motion', 'nextjs', 'react', 'sass']"
449393418,BeatSaber-Web-Replays,BeatLeader/BeatSaber-Web-Replays,https://github.com/BeatLeader/BeatSaber-Web-Replays,Beat Saber web replay viewer,JavaScript,2022-01-18T18:04:25Z,2025-03-16T18:01:11Z,2025-03-16T18:01:07Z,58,13,3,MIT License,"['aframe', 'beatsaber', 'replay', 'threejs']"
450632553,luci-app-alist,sbwml/luci-app-alist,https://github.com/sbwml/luci-app-alist,LuCI support for Alist,JavaScript,2022-01-21T20:35:38Z,2025-03-18T04:29:27Z,2025-03-16T18:00:09Z,1419,210,33,,"['alist', 'luci-app-alist', 'openwrt']"
448859634,wortsel,Tehes/wortsel,https://github.com/Tehes/wortsel,"Wortsel aims to be a clone of the popular ""wordle"", but in german language. Play it here: https://tehes.github.io/wortsel/",JavaScript,2022-01-17T11:06:06Z,2025-03-16T17:57:50Z,2025-03-16T17:57:47Z,0,0,0,,"['frontend', 'game', 'vanilla-js']"
448405161,portfolio,hugorithm/portfolio,https://github.com/hugorithm/portfolio,,JavaScript,2022-01-15T22:28:19Z,2025-03-16T17:54:00Z,2025-03-16T17:53:56Z,0,0,0,,[]
444727598,AntoninSlejska.github.io,AntoninSlejska/AntoninSlejska.github.io,https://github.com/AntoninSlejska/AntoninSlejska.github.io,Antonin Slejska - Lebenslauf,JavaScript,2022-01-05T08:42:10Z,2025-03-16T17:52:55Z,2025-03-16T17:52:51Z,0,0,0,,[]
443682752,git-commit-analytics,analyticsjs/git-commit-analytics,https://github.com/analyticsjs/git-commit-analytics,A tool to analyze your git repository's commit log. I can help you generate daily/weekly or longer work reports.,JavaScript,2022-01-02T04:43:14Z,2025-03-16T17:42:38Z,2025-03-16T17:42:35Z,29,2,1,,[]
450301815,UserScripts,vekvoid/UserScripts,https://github.com/vekvoid/UserScripts,,JavaScript,2022-01-21T00:27:23Z,2025-03-16T17:00:45Z,2025-03-16T17:00:41Z,3,0,1,,[]
452892548,vue-demo,nealwp/vue-demo,https://github.com/nealwp/vue-demo,"implementing examples from ""Vue.js Up & Running""",JavaScript,2022-01-28T00:39:26Z,2025-03-16T16:40:58Z,2025-03-16T16:40:55Z,0,0,0,,[]
443817925,PiLot,RCgmbh/PiLot,https://github.com/RCgmbh/PiLot,"Raspberry PI based boating system with offline maps, navigation, logbook and much more.",JavaScript,2022-01-02T16:44:47Z,2025-03-16T16:31:22Z,2025-03-16T16:31:19Z,9,0,8,GNU General Public License v3.0,"['boating', 'gps', 'open-boat-projects', 'openseamap', 'openstreetmap', 'rpi']"
453165417,Nick-NCSU.github.io,Nick-NCSU/Nick-NCSU.github.io,https://github.com/Nick-NCSU/Nick-NCSU.github.io,,JavaScript,2022-01-28T17:55:25Z,2025-03-16T16:18:18Z,2025-03-16T16:21:59Z,0,0,0,,[]
452754278,minesweeper,aviorkahalani/minesweeper,https://github.com/aviorkahalani/minesweeper,"This classic Minesweeper game is built purely with HTML, CSS & JS, showcasing front-end skills without frameworks.",JavaScript,2022-01-27T16:17:57Z,2025-03-16T15:58:23Z,2025-03-16T15:58:20Z,0,1,0,,"['css', 'minesweeper-game', 'vanilla-javascript']"
448809813,eslint-config,cyco130/eslint-config,https://github.com/cyco130/eslint-config,ESLint configuration for Fatih Ayg√ºn's personal projects,JavaScript,2022-01-17T08:24:58Z,2025-03-16T15:21:44Z,2025-03-17T17:56:20Z,0,0,3,MIT License,[]
446120390,Minesweeper,Gershwen/Minesweeper,https://github.com/Gershwen/Minesweeper,Minesweeper Game with Instructions button,JavaScript,2022-01-09T15:01:02Z,2025-03-16T13:56:51Z,2025-03-16T13:56:48Z,0,0,0,,[]
443762481,pob-monorepo-test-repository,christophehurpeau/pob-monorepo-test-repository,https://github.com/christophehurpeau/pob-monorepo-test-repository,,JavaScript,2022-01-02T12:38:45Z,2025-03-16T13:03:56Z,2025-03-16T13:03:53Z,1,0,3,ISC License,[]
450906609,voice-over-translation,ilyhalight/voice-over-translation,https://github.com/ilyhalight/voice-over-translation,"–ù–µ–±–æ–ª—å—à–æ–µ —Ä–∞—Å—à–∏—Ä–µ–Ω–∏–µ, –∫–æ—Ç–æ—Ä–æ–µ –¥–æ–±–∞–≤–ª—è–µ—Ç –∑–∞–∫–∞–¥—Ä–æ–≤—ã–π –ø–µ—Ä–µ–≤–æ–¥ –≤–∏–¥–µ–æ –∏–∑ YaBrowser –≤ –¥—Ä—É–≥–∏–µ –±—Ä–∞—É–∑–µ—Ä—ã",JavaScript,2022-01-22T18:48:22Z,2025-03-17T19:53:27Z,2025-03-16T12:49:54Z,4597,297,112,Other,"['vot', 'vtrans']"
452670338,e2z1.github.io,E2Z1/e2z1.github.io,https://github.com/E2Z1/e2z1.github.io,A website ig,JavaScript,2022-01-27T12:16:52Z,2025-03-16T11:56:29Z,2025-03-16T11:56:26Z,2,0,0,,[]
453061755,site,yonatan-reicher/site,https://github.com/yonatan-reicher/site,,JavaScript,2022-01-28T12:36:54Z,2025-03-16T11:49:39Z,2025-03-16T11:49:36Z,0,0,0,,[]
445401423,madcamp_week2_server,Rudolf0328/madcamp_week2_server,https://github.com/Rudolf0328/madcamp_week2_server,,JavaScript,2022-01-07T04:51:05Z,2025-03-16T10:28:31Z,2025-03-16T10:28:28Z,0,1,0,,[]
451735824,philanderson.uk,philanderson888/philanderson.uk,https://github.com/philanderson888/philanderson.uk,Website of www.philanderson.uk,JavaScript,2022-01-25T04:34:37Z,2025-03-16T10:27:35Z,2025-03-16T10:27:32Z,0,0,0,MIT License,[]
451167004,cal,christianwgd/cal,https://github.com/christianwgd/cal,Calendar app for garbage collection etc. with ical api ,JavaScript,2022-01-23T16:44:43Z,2025-03-16T09:48:30Z,2025-03-16T09:48:27Z,0,0,0,,[]
452106962,zadark,quaric/zadark,https://github.com/quaric/zadark,"ZaDark is an extension that helps you enable Dark Mode for Zalo PC and Web. ZaDark is available on Windows, macOS, Chrome, Safari, Edge and Firefox.",JavaScript,2022-01-26T01:54:32Z,2025-03-16T09:34:45Z,2025-03-16T09:34:42Z,150,20,1,Mozilla Public License 2.0,"['chrome-extension', 'dark-theme', 'edge-extension', 'firefox-extension', 'macos', 'opera-extension', 'safari-extension', 'windows', 'zadark', 'zalo']"
446123216,leet_code_practice,aadil42/leet_code_practice,https://github.com/aadil42/leet_code_practice,This directory contains solutions for some leet_code problems,JavaScript,2022-01-09T15:12:30Z,2025-03-16T09:24:05Z,2025-03-16T09:24:02Z,1,0,0,,[]
446079670,RAScripts,suXinjke/RAScripts,https://github.com/suXinjke/RAScripts,RetroAchievements scripts made with cruncheevos and RATools,JavaScript,2022-01-09T12:19:00Z,2025-03-16T08:59:49Z,2025-03-16T08:59:45Z,2,0,0,,[]
452607582,CountrySearchFilter,harshitbhalla11/CountrySearchFilter,https://github.com/harshitbhalla11/CountrySearchFilter,,JavaScript,2022-01-27T08:53:35Z,2025-03-16T08:43:34Z,2025-03-16T08:43:30Z,0,0,0,,[]
447059587,zatumu.github.io,zatumu/zatumu.github.io,https://github.com/zatumu/zatumu.github.io,,JavaScript,2022-01-12T03:09:52Z,2025-03-16T08:19:54Z,2025-03-16T08:19:51Z,0,0,0,BSD Zero Clause License,[]
452586629,Han-Yuan-Med.github.io,Han-Yuan-Med/Han-Yuan-Med.github.io,https://github.com/Han-Yuan-Med/Han-Yuan-Med.github.io,Han's Academic Website,JavaScript,2022-01-27T07:44:03Z,2025-03-16T05:28:20Z,2025-03-16T05:28:16Z,3,0,0,MIT License,[]
444263386,JavaScriptLearning,1satwinder/JavaScriptLearning,https://github.com/1satwinder/JavaScriptLearning,This repository contains code for my Javascript practice,JavaScript,2022-01-04T02:39:58Z,2025-03-16T03:39:24Z,2025-03-16T03:39:21Z,1,0,0,,[]
451000381,spotify-friend-activity,jackweatherford/spotify-friend-activity,https://github.com/jackweatherford/spotify-friend-activity,Browser extension for viewing your friends' activity in Spotify's web player.,JavaScript,2022-01-23T04:06:18Z,2025-03-16T03:57:14Z,2025-03-17T03:17:10Z,26,5,6,MIT License,"['chrome', 'chrome-extension', 'firefox', 'firefox-addon', 'preact', 'sass', 'spotify']"
450748021,docs-es,vitejs/docs-es,https://github.com/vitejs/docs-es,Traducci√≥n a Espa√±ol de la documentaci√≥n de vite.dev,JavaScript,2022-01-22T07:28:05Z,2025-03-16T01:18:42Z,2025-03-17T20:48:06Z,21,14,11,MIT License,"['es', 'es-419', 'es-es', 'javascript', 'typescript', 'vite', 'vite-es', 'vitejs', 'vitejs-es', 'vitepress']"
454200368,blogtini,traceypooh/blogtini,https://github.com/traceypooh/blogtini,Markdown + JS 100% client-side blogs & websites,JavaScript,2022-01-31T23:11:01Z,2025-03-15T23:21:53Z,2025-03-15T23:21:49Z,8,3,4,,"['blog-theme', 'esmodules', 'github-pages', 'highlightjs', 'html', 'javascript', 'lunrjs', 'markdown', 'showdownjs', 'static-site']"
446698610,BaiduFanyi_Crawler,licoded/BaiduFanyi_Crawler,https://github.com/licoded/BaiduFanyi_Crawler,Use GitHub Actions to automatically crawl word collections every day.,JavaScript,2022-01-11T06:09:06Z,2025-03-15T23:04:33Z,2025-03-15T23:04:30Z,4,3,5,MIT License,[]
443853965,scarletflamecandleco.github.io,scarletflamecandleco/scarletflamecandleco.github.io,https://github.com/scarletflamecandleco/scarletflamecandleco.github.io,,JavaScript,2022-01-02T19:36:38Z,2025-03-15T22:40:19Z,2025-03-15T22:40:14Z,0,0,0,,[]
445943626,SoftUni_Main_SW_Engineering_Program,Solenkoff/SoftUni_Main_SW_Engineering_Program,https://github.com/Solenkoff/SoftUni_Main_SW_Engineering_Program,Homework Assignments and Exams in the CSharp Curriculum of Software University,JavaScript,2022-01-08T22:37:12Z,2025-03-15T22:38:22Z,2025-03-15T22:38:18Z,0,0,0,,[]
449081226,eckles,chamhayden/eckles,https://github.com/chamhayden/eckles,,JavaScript,2022-01-17T23:42:16Z,2025-03-15T22:26:47Z,2025-03-15T22:26:44Z,32,28,5,,[]
444943622,HTML-JavaScript-Gaming,ToolboxAid/HTML-JavaScript-Gaming,https://github.com/ToolboxAid/HTML-JavaScript-Gaming,Learning Game programming with HTML & JavaScript,JavaScript,2022-01-05T20:38:52Z,2025-03-15T21:34:10Z,2025-03-15T21:34:07Z,0,0,1,Apache License 2.0,[]
453090063,security,SmileB4Deathz/security,https://github.com/SmileB4Deathz/security,,JavaScript,2022-01-28T14:06:05Z,2025-03-15T21:10:14Z,2025-03-15T21:10:10Z,0,0,0,,[]
445581690,Warzone-generator,b4bjw123/Warzone-generator,https://github.com/b4bjw123/Warzone-generator,,JavaScript,2022-01-07T16:20:26Z,2025-03-15T21:02:34Z,2025-03-15T21:02:30Z,0,0,0,,[]
449065664,Pixel-Art-Maker-at-Masterschool,alexander-kuzmin-us/Pixel-Art-Maker-at-Masterschool,https://github.com/alexander-kuzmin-us/Pixel-Art-Maker-at-Masterschool,A single-page app in JavaScript where the user can create artistic designs.,JavaScript,2022-01-17T22:22:48Z,2025-03-15T20:04:02Z,2025-03-15T20:03:59Z,0,0,0,Other,[]
449843522,projects,Rus1130/projects,https://github.com/Rus1130/projects,,JavaScript,2022-01-19T20:22:47Z,2025-03-15T19:50:40Z,2025-03-15T19:50:37Z,0,0,0,,[]
446076046,portfolio,heerpatell/portfolio,https://github.com/heerpatell/portfolio,,JavaScript,2022-01-09T12:02:03Z,2025-03-15T19:39:13Z,2025-03-15T19:39:09Z,0,0,0,,[]
453682650,presentations,DenisYaroshevskiy/presentations,https://github.com/DenisYaroshevskiy/presentations,One repo for all new presentations hopefully,JavaScript,2022-01-30T13:06:49Z,2025-03-15T19:01:58Z,2025-03-15T19:01:56Z,4,0,0,MIT License,[]
447400898,markharrison.github.io,markharrison/markharrison.github.io,https://github.com/markharrison/markharrison.github.io,markharrison.github.io,JavaScript,2022-01-12T23:25:45Z,2025-03-15T18:54:38Z,2025-03-15T18:55:59Z,0,0,0,MIT License,[]
446809990,SearchPhrases,Leidwesen/SearchPhrases,https://github.com/Leidwesen/SearchPhrases,"A compendium of all Pok√©mon GO search terms / phrases, their uses and translations, their bugs, and related links.",JavaScript,2022-01-11T12:21:26Z,2025-03-15T18:38:36Z,2025-03-15T18:38:32Z,3,1,1,,['pokemon-go']
448521208,Brutal2,UJoe/Brutal2,https://github.com/UJoe/Brutal2,This a text-based RPG with lots of various minigames. Part II of the Bazibrutal series. A long and versatile journey of character development and adventures to become the leader of your town.,JavaScript,2022-01-16T10:26:27Z,2025-03-15T17:54:58Z,2025-03-15T17:54:55Z,0,0,0,,[]
446542417,imageframe,zMoooooritz/imageframe,https://github.com/zMoooooritz/imageframe,"A lightweight Node.js application tailored for SoC's, that transforms your device into a dynamic image slideshow",JavaScript,2022-01-10T18:43:42Z,2025-03-15T17:30:21Z,2025-03-15T17:30:19Z,0,0,0,MIT License,"['bash', 'fbi', 'nodejs', 'raspberry', 'raspberry-pi', 'shell']"
454103422,3d,fpinatti/3d,https://github.com/fpinatti/3d,,JavaScript,2022-01-31T17:29:23Z,2025-03-15T17:24:31Z,2025-03-15T17:24:28Z,0,0,0,Apache License 2.0,[]
452867198,3nations-bingo,thegoobs/3nations-bingo,https://github.com/thegoobs/3nations-bingo,,JavaScript,2022-01-27T22:35:51Z,2025-03-15T17:16:57Z,2025-03-15T17:23:57Z,0,0,0,,[]
451613140,Portfolio_old,ThiagoLeaoDev/Portfolio_old,https://github.com/ThiagoLeaoDev/Portfolio_old,,JavaScript,2022-01-24T19:59:04Z,2025-03-15T17:04:46Z,2025-03-15T17:04:42Z,8,0,1,,[]
452235241,docoff,react-ui-org/docoff,https://github.com/react-ui-org/docoff,Flexible React documentation HTML elements,JavaScript,2022-01-26T10:39:30Z,2025-03-15T15:45:56Z,2025-03-15T15:47:03Z,1,0,1,MIT License,[]
449920904,electron-hiprint,CcSimple/electron-hiprint,https://github.com/CcSimple/electron-hiprint,,JavaScript,2022-01-20T02:01:06Z,2025-03-15T15:11:14Z,2025-03-15T15:13:30Z,96,49,2,MIT License,[]
451133151,vue-currentuser,namelivia/vue-currentuser,https://github.com/namelivia/vue-currentuser,Just some common operations,JavaScript,2022-01-23T14:43:00Z,2025-03-15T14:36:40Z,2025-03-15T14:36:44Z,0,0,0,,[]
443848881,curricularbwg,Saad135768/curricularbwg,https://github.com/Saad135768/curricularbwg,This is basically a one-page-website for shortening urls,JavaScript,2022-01-02T19:09:48Z,2025-03-15T14:29:48Z,2025-03-15T14:29:45Z,0,0,0,MIT License,[]
444431806,usercentrics-widgets,netresearch/usercentrics-widgets,https://github.com/netresearch/usercentrics-widgets,Lightweight customizable placeholders for third party content of your website (e.g. Youtube Videos) compatible with the Usercentrics CMP.,JavaScript,2022-01-04T13:36:00Z,2025-03-15T13:03:03Z,2025-03-17T10:33:11Z,4,1,2,MIT License,['usercentrics']
451878559,Harry-Potter-character-searcher-React,claudiabg-c/Harry-Potter-character-searcher-React,https://github.com/claudiabg-c/Harry-Potter-character-searcher-React,Search engine for Harry Potter's characters and their houses,JavaScript,2022-01-25T12:59:36Z,2025-03-15T12:44:11Z,2025-03-15T12:44:07Z,0,0,0,,"['css3', 'react']"
443713498,wiki,Dev-HyunSang/wiki,https://github.com/Dev-HyunSang/wiki,HyunSang's Wiki,JavaScript,2022-01-02T08:06:36Z,2025-03-15T12:33:29Z,2025-03-15T12:33:25Z,1,0,0,MIT License,"['golang', 'til', 'today-i-learned']"
444780048,blockquote-web-components,oscarmarina/blockquote-web-components,https://github.com/oscarmarina/blockquote-web-components,Mono repo blockquote-web-components ,JavaScript,2022-01-05T11:34:59Z,2025-03-15T12:33:13Z,2025-03-15T12:33:09Z,2,1,1,MIT License,[]
448146826,alphabiz,tanshuai/alphabiz,https://github.com/tanshuai/alphabiz,Web3 YouTube Alternative - fully decentralized media platform and blockchain-based marketplace,JavaScript,2022-01-15T00:46:27Z,2025-03-17T07:51:23Z,2025-03-15T11:34:20Z,1203,397,9,GNU General Public License v2.0,"['blockchain', 'crypto', 'cryptocurrency', 'dapp', 'decentralization', 'decentralized', 'decentralized-applications', 'downloader', 'electron', 'media-player', 'video-player', 'web3', 'youtube']"
447276279,arvidsandin.github.io,arvidsandin/arvidsandin.github.io,https://github.com/arvidsandin/arvidsandin.github.io,My personal website,JavaScript,2022-01-12T15:46:05Z,2025-03-15T11:30:54Z,2025-03-15T11:31:57Z,0,0,0,GNU General Public License v3.0,[]
443575225,spice-diode-model-js,dvhx/spice-diode-model-js,https://github.com/dvhx/spice-diode-model-js,Online tool to create Spice model of any diode from measured values of forward voltage and current,JavaScript,2022-01-01T16:16:24Z,2025-03-15T09:55:53Z,2025-03-15T09:55:50Z,3,0,0,GNU General Public License v3.0,"['diode', 'diodes', 'electronics', 'simulation', 'spice', 'web']"
453672655,video-json,YOmaann/video-json,https://github.com/YOmaann/video-json,,JavaScript,2022-01-30T12:22:33Z,2025-03-15T09:51:28Z,2025-03-15T09:51:24Z,0,0,0,,[]
446730018,demo-all-in-springboot,YuBWang/demo-all-in-springboot,https://github.com/YuBWang/demo-all-in-springboot,,JavaScript,2022-01-11T08:04:40Z,2025-03-15T09:05:49Z,2025-03-15T09:05:45Z,0,0,0,,[]
445639924,tus-santander,MiguelRipoll23/tus-santander,https://github.com/MiguelRipoll23/tus-santander,Estimated times of arrivals and routes from Santander's public transit at glance,JavaScript,2022-01-07T20:08:01Z,2025-03-15T09:01:00Z,2025-03-17T23:23:30Z,0,0,2,,"['pwa', 'react', 'transit']"
444432604,homebridge-deconz,ebaauw/homebridge-deconz,https://github.com/ebaauw/homebridge-deconz,Homebridge plugin for deCONZ,JavaScript,2022-01-04T13:38:20Z,2025-03-15T08:47:00Z,2025-03-15T08:46:56Z,146,9,3,Apache License 2.0,"['conbee', 'deconz', 'dresden-elektronik', 'dresdenelektronik', 'homebridge-plugin', 'homekit', 'phoscon', 'raspbee']"
447765730,postcss-lightningcss,onigoetz/postcss-lightningcss,https://github.com/onigoetz/postcss-lightningcss,PostCSS plugin to run lightningcss,JavaScript,2022-01-13T22:03:46Z,2025-03-15T08:36:01Z,2025-03-17T06:33:41Z,44,2,5,MIT License,[]
448059116,unitedprinters.github.io,sujit1618/unitedprinters.github.io,https://github.com/sujit1618/unitedprinters.github.io,,JavaScript,2022-01-14T17:52:41Z,2025-03-15T08:00:51Z,2025-03-15T08:00:47Z,0,0,0,,[]
445830836,auto-contributer,mrbenbot/auto-contributer,https://github.com/mrbenbot/auto-contributer,,JavaScript,2022-01-08T13:44:37Z,2025-03-15T08:00:28Z,2025-03-15T08:00:10Z,0,1,0,,[]
446018629,lsb.views,xjluo-lsb/lsb.views,https://github.com/xjluo-lsb/lsb.views,"This is the repository for LSB (Leave Script Behind) views. Please find more details on what LSB is, how the view files can be used in the LSB, etc. in the README.md file.",JavaScript,2022-01-09T07:08:29Z,2025-03-15T07:22:19Z,2025-03-15T07:22:16Z,0,0,0,MIT License,[]
444553967,svskaushik.github.io,svskaushik/svskaushik.github.io,https://github.com/svskaushik/svskaushik.github.io,Portfolio,JavaScript,2022-01-04T20:27:28Z,2025-03-15T04:43:35Z,2025-03-15T04:33:46Z,0,0,0,MIT License,[]
445662175,test-rail-suite-example,bahmutov/test-rail-suite-example,https://github.com/bahmutov/test-rail-suite-example,Example project reporting a suite of test results to TestRail,JavaScript,2022-01-07T21:54:45Z,2025-03-15T04:29:22Z,2025-03-15T04:30:50Z,0,0,3,,[]
448575873,intelligent-EMB,dabby9734/intelligent-EMB,https://github.com/dabby9734/intelligent-EMB,intelligent E-Message Board (iEMB),JavaScript,2022-01-16T14:21:22Z,2025-03-15T04:21:56Z,2025-03-17T20:14:48Z,4,0,7,,[]
448156839,app-geolocalizaci-n,Dafk2/app-geolocalizaci-n,https://github.com/Dafk2/app-geolocalizaci-n,App de geolocalizaci√≥n de pa√≠ses,JavaScript,2022-01-15T01:55:00Z,2025-03-15T03:15:03Z,2025-03-15T03:15:07Z,0,0,0,,[]
447085622,standard,typhonjs-fvtt-lib/standard,https://github.com/typhonjs-fvtt-lib/standard,Provides a standard Svelte component library for the TyphonJS Runtime Library.,JavaScript,2022-01-12T05:15:27Z,2025-03-15T02:30:25Z,2025-03-15T02:30:21Z,2,1,0,Mozilla Public License 2.0,[]
451057023,deno-bin-test-1,kt3k/deno-bin-test-1,https://github.com/kt3k/deno-bin-test-1,,JavaScript,2022-01-23T09:25:42Z,2025-03-15T00:26:48Z,2025-03-15T00:26:45Z,1,0,0,MIT License,[]
447792930,d3Charts,storecloudproject/d3Charts,https://github.com/storecloudproject/d3Charts,d3 treasury charts by Sohaib for the website,JavaScript,2022-01-14T00:20:28Z,2025-03-14T22:54:02Z,2025-03-14T22:54:25Z,1,0,0,,[]
453890739,portfolio-ggc,gavinmgrant/portfolio-ggc,https://github.com/gavinmgrant/portfolio-ggc,A web development portfolio website using Next.js.,JavaScript,2022-01-31T05:31:20Z,2025-03-14T21:27:52Z,2025-03-14T21:27:49Z,1,0,0,,"['portfolio', 'tailwindcss']"
449665803,cilium.io,cilium/cilium.io,https://github.com/cilium/cilium.io,Cilium project website,JavaScript,2022-01-19T11:35:18Z,2025-03-14T21:27:34Z,2025-03-14T21:27:32Z,38,52,9,Creative Commons Attribution 4.0 International,[]
449775243,playchess,Swarup-Ranjan-Mondal/playchess,https://github.com/Swarup-Ranjan-Mondal/playchess,"Play Chess is a fully responsive web app for playing chess. Built with Django backend and React frontend, it offers a lot of features like online real-time play, chess engines play, and much more. ",JavaScript,2022-01-19T16:44:49Z,2025-03-14T20:52:18Z,2025-03-14T20:52:15Z,1,0,0,,"['css', 'django', 'microservice', 'react', 'reactjs', 'redis', 'redux']"
450941276,awesome-nostr,aljazceru/awesome-nostr,https://github.com/aljazceru/awesome-nostr,nostr.net - awesome-nostr is a collection of projects and resources built on nostr to help developers and users find new things ,JavaScript,2022-01-22T21:35:00Z,2025-03-17T01:46:51Z,2025-03-14T20:27:33Z,2694,338,2,,['nostr']
454096431,ip1-8191201,CTECH-IT/ip1-8191201,https://github.com/CTECH-IT/ip1-8191201,ip1-8191201 created by GitHub Classroom,JavaScript,2022-01-31T17:08:35Z,2025-03-14T19:30:57Z,2025-03-14T19:30:54Z,0,0,0,,[]
447832527,learn-express,sahilrajput03/learn-express,https://github.com/sahilrajput03/learn-express,,JavaScript,2022-01-14T03:37:28Z,2025-03-14T18:34:57Z,2025-03-14T18:34:53Z,1,0,0,,[]
443600006,jradziejewski,jradziejewski/jradziejewski,https://github.com/jradziejewski/jradziejewski,,JavaScript,2022-01-01T18:32:17Z,2025-03-14T18:24:54Z,2025-03-14T18:24:50Z,0,0,0,,[]
443725226,collection-ui,relu19/collection-ui,https://github.com/relu19/collection-ui,,JavaScript,2022-01-02T09:19:17Z,2025-03-14T18:01:01Z,2025-03-14T18:00:57Z,0,0,0,,[]
447666389,fullstack,Pekk4/fullstack,https://github.com/Pekk4/fullstack,,JavaScript,2022-01-13T16:14:12Z,2025-03-14T17:55:40Z,2025-03-16T18:01:45Z,0,0,0,,[]
446769486,Chirpity-Electron,Mattk70/Chirpity-Electron,https://github.com/Mattk70/Chirpity-Electron,"AI powered audio analyser for bird call visualisation, detection and cataloguing",JavaScript,2022-01-11T10:10:24Z,2025-03-14T17:32:11Z,2025-03-16T19:00:46Z,42,2,7,Other,"['bioacoustic-analysis', 'bioacoustics', 'birdnet', 'birdsong-recognition', 'nocmig', 'tensorflow', 'tensorflowjs']"
447546217,Actions,TryGhost/Actions,https://github.com/TryGhost/Actions,GitHub Actions to power Ghost development,JavaScript,2022-01-13T09:53:49Z,2025-03-14T18:03:22Z,2025-03-14T17:22:23Z,4,4,26,MIT License,[]
445951692,atuannguyen.github.io,atuannguyen/atuannguyen.github.io,https://github.com/atuannguyen/atuannguyen.github.io,,JavaScript,2022-01-08T23:33:05Z,2025-03-14T17:17:57Z,2025-03-14T17:18:09Z,0,0,0,MIT License,[]
449412913,dataflux,massimocandela/dataflux,https://github.com/massimocandela/dataflux,"DataFlux is a JavaScript library that automatically interfaces with your REST APIs to create a 2-way-synced local data store. If used with React, it transparently manages data propagation in the state.",JavaScript,2022-01-18T19:06:36Z,2025-03-14T16:53:41Z,2025-03-14T16:53:37Z,4,1,0,MIT License,[]
443737040,wol-server,Tsuk1ko/wol-server,https://github.com/Tsuk1ko/wol-server,WOL node server,JavaScript,2022-01-02T10:26:02Z,2025-03-14T16:01:02Z,2025-03-14T16:00:58Z,1,0,0,MIT License,[]
451750884,pravee03,pravee03/pravee03,https://github.com/pravee03/pravee03,Config files for my GitHub profile.,JavaScript,2022-01-25T05:45:46Z,2025-03-14T14:08:50Z,2025-03-14T14:08:46Z,0,0,0,,"['config', 'github-config']"
451858118,work,amilton0656/work,https://github.com/amilton0656/work,,JavaScript,2022-01-25T11:55:12Z,2025-03-14T14:03:50Z,2025-03-14T14:03:46Z,0,0,0,,[]
444771573,essential-cardano-content,input-output-hk/essential-cardano-content,https://github.com/input-output-hk/essential-cardano-content,,JavaScript,2022-01-05T11:04:51Z,2025-03-14T13:57:02Z,2025-03-14T13:56:59Z,4,5,3,,[]
446757055,Nerinyan-WEB,Nerinyan/Nerinyan-WEB,https://github.com/Nerinyan/Nerinyan-WEB,beatmap mirror website with simple ui,JavaScript,2022-01-11T09:29:10Z,2025-03-14T12:50:45Z,2025-03-14T12:51:05Z,5,1,0,GNU General Public License v3.0,[]
451363856,flex,GluuFederation/flex,https://github.com/GluuFederation/flex,Janssen + AdminUI + Casa,JavaScript,2022-01-24T07:42:17Z,2025-03-14T12:19:13Z,2025-03-17T23:04:00Z,26,14,74,,[]
446703539,algorithm,always97/algorithm,https://github.com/always97/algorithm,ÏïåÍ≥†Î¶¨Ï¶ò Î¨∏Ï†úÌíÄÏù¥,JavaScript,2022-01-11T06:28:37Z,2025-03-14T12:17:43Z,2025-03-14T12:17:40Z,0,0,0,,[]
451146040,Javascript-challenges,priya-dharshini-n/Javascript-challenges,https://github.com/priya-dharshini-n/Javascript-challenges,,JavaScript,2022-01-23T15:28:01Z,2025-03-14T10:44:33Z,2025-03-14T10:44:30Z,0,0,0,,[]
448241289,WebProgrammingIIRU,arnarleifs/WebProgrammingIIRU,https://github.com/arnarleifs/WebProgrammingIIRU,,JavaScript,2022-01-15T10:04:26Z,2025-03-14T10:07:45Z,2025-03-14T10:07:41Z,2,9,0,,[]
444171275,wp-pronamic-slider,pronamic/wp-pronamic-slider,https://github.com/pronamic/wp-pronamic-slider,,JavaScript,2022-01-03T19:07:02Z,2025-03-14T09:57:38Z,2025-03-14T09:57:34Z,0,0,1,,[]
450096279,catalog_courses_update,RaccoonBoyG/catalog_courses_update,https://github.com/RaccoonBoyG/catalog_courses_update,,JavaScript,2022-01-20T12:52:28Z,2025-03-14T09:41:42Z,2025-03-14T09:41:38Z,0,1,0,,[]
444381212,lifehacks,Morphatkip/lifehacks,https://github.com/Morphatkip/lifehacks,,JavaScript,2022-01-04T10:43:41Z,2025-03-14T09:14:09Z,2025-03-14T09:14:05Z,0,0,0,,[]
445472069,study-blog,1998yyh/study-blog,https://github.com/1998yyh/study-blog,Â≠¶‰π†ÂçöÂÆ¢,JavaScript,2022-01-07T09:48:32Z,2025-03-14T08:46:42Z,2025-03-14T08:46:39Z,2,0,0,,[]
452408701,mrKuznetsov698.github.io,mrKuznetsov698/mrKuznetsov698.github.io,https://github.com/mrKuznetsov698/mrKuznetsov698.github.io,,JavaScript,2022-01-26T19:18:29Z,2025-03-14T08:45:29Z,2025-03-14T08:45:26Z,0,0,0,,[]
448919654,Foundry_WoD20,JohanFalt/Foundry_WoD20,https://github.com/JohanFalt/Foundry_WoD20,World of Darkness 20th ed for Foundry VTT,JavaScript,2022-01-17T14:10:00Z,2025-03-14T08:06:51Z,2025-03-14T08:13:42Z,37,28,44,GNU General Public License v3.0,"['foundry-vtt', 'rpg', 'world-of-darkness']"
447243035,gittargets,ropensci-docs/gittargets,https://github.com/ropensci-docs/gittargets,auto-generated pkgdown website for: gittargets,JavaScript,2022-01-12T14:10:48Z,2025-03-14T07:01:00Z,2025-03-14T07:00:56Z,0,0,0,Other,[]
445692568,eslint-plugin-smarthr,kufu/eslint-plugin-smarthr,https://github.com/kufu/eslint-plugin-smarthr,,JavaScript,2022-01-08T01:03:15Z,2025-03-14T06:54:59Z,2025-03-14T06:54:57Z,23,7,1,MIT License,[]
446127638,attendees32,xjlin0/attendees32,https://github.com/xjlin0/attendees32,Tracking who/when/where/what of any activities with attendance records,JavaScript,2022-01-09T15:29:51Z,2025-03-14T06:44:43Z,2025-03-14T06:44:40Z,2,0,1,MIT License,[]
447612587,csaf-validator-lib,secvisogram/csaf-validator-lib,https://github.com/secvisogram/csaf-validator-lib,csaf-validator-lib is a library that can be used to check whether a given CSAF 2.0 document is valid.,JavaScript,2022-01-13T13:37:38Z,2025-03-14T09:14:06Z,2025-03-14T12:20:45Z,2,8,33,MIT License,"['csaf', 'csaf-basic-validator', 'csaf-extended-validator', 'csaf-full-validator', 'csaf-validator-lib']"
444904730,azdataGraph,microsoft/azdataGraph,https://github.com/microsoft/azdataGraph,Graph diagram component for use in Azure Data Studio and mssql for VS Code tools,JavaScript,2022-01-05T18:10:02Z,2025-03-14T05:12:57Z,2025-03-14T05:13:26Z,10,5,1,Other,[]
447853549,slugplanners,jasminetai/slugplanners,https://github.com/jasminetai/slugplanners,A site to help UCSC students plan out their schedules over several years.,JavaScript,2022-01-14T05:31:31Z,2025-03-14T05:00:20Z,2025-03-14T05:00:19Z,0,0,0,,[]
444505380,cypress-crawl-example,bahmutov/cypress-crawl-example,https://github.com/bahmutov/cypress-crawl-example,Crawling all local pages using Cypress example,JavaScript,2022-01-04T17:22:06Z,2025-03-14T04:55:00Z,2025-03-14T04:55:21Z,3,2,2,,['cypress-example']
450675917,website-11ty,drivet/website-11ty,https://github.com/drivet/website-11ty,"My personal website and blog, implemented with eleventy",JavaScript,2022-01-22T00:11:16Z,2025-03-14T03:23:03Z,2025-03-16T23:05:51Z,2,1,32,,[]
453262990,dashboard,volcano-sh/dashboard,https://github.com/volcano-sh/dashboard,The dashboard of Volcano,JavaScript,2022-01-29T01:06:26Z,2025-03-14T03:15:52Z,2025-03-14T03:15:48Z,20,15,39,Apache License 2.0,[]
444404021,find-cypress-specs,bahmutov/find-cypress-specs,https://github.com/bahmutov/find-cypress-specs,Find Cypress spec files using the config settings,JavaScript,2022-01-04T12:04:54Z,2025-03-14T13:10:46Z,2025-03-14T03:08:30Z,39,12,19,,['cypress-plugin']
444043599,pgz-hiprint-html,JaneYork/pgz-hiprint-html,https://github.com/JaneYork/pgz-hiprint-html,‰∏ÄÊ¨æwebÊâìÂç∞ËÆæËÆ°Êèí‰ª∂ÔºåÁÆÄÂçïÊòìÁî®ÔºåÂü∫‰∫éHIPrint„ÄÇÈÄÇÁî®‰∫éÊôÆÈÄöHTMLÂíåvueÈ°πÁõÆÔºÅÂèØ‰ª•Áõ¥Êé•‰∏äÊâã‰ΩøÁî®ÔºÅ,JavaScript,2022-01-03T11:54:39Z,2025-03-14T02:22:30Z,2025-03-14T02:22:27Z,9,4,0,MIT License,"['janeyork', 'print', 'print-designer', 'pusdn']"
453883315,echolacombe,digital89/echolacombe,https://github.com/digital89/echolacombe,,JavaScript,2022-01-31T04:53:33Z,2025-03-14T02:12:14Z,2025-03-14T02:12:10Z,0,0,0,,[]
446148205,koreaygj.github.io,koreaygj/koreaygj.github.io,https://github.com/koreaygj/koreaygj.github.io,,JavaScript,2022-01-09T16:52:21Z,2025-03-14T02:09:02Z,2025-03-14T02:08:58Z,1,0,0,MIT License,[]
452550406,UMTX,PS4IDEA/UMTX,https://github.com/PS4IDEA/UMTX,,JavaScript,2022-01-27T05:23:27Z,2025-03-13T23:43:33Z,2025-03-13T23:43:30Z,0,0,0,,[]
450328121,CS559-Lib,CS559/CS559-Lib,https://github.com/CS559/CS559-Lib,Basic Library for CS559 workbook code pages,JavaScript,2022-01-21T02:34:02Z,2025-03-13T23:10:05Z,2025-03-13T23:10:01Z,0,0,0,,[]
444576706,nimmersatt,bearbob/nimmersatt,https://github.com/bearbob/nimmersatt,,JavaScript,2022-01-04T22:04:15Z,2025-03-13T22:06:51Z,2025-03-13T22:06:48Z,0,0,0,MIT License,[]
445944111,kappaml.com,KappaML/kappaml.com,https://github.com/KappaML/kappaml.com,,JavaScript,2022-01-08T22:40:34Z,2025-03-13T21:47:49Z,2025-03-13T21:47:46Z,0,0,0,MIT License,[]
450484326,portfolio,abcreative1/portfolio,https://github.com/abcreative1/portfolio,,JavaScript,2022-01-21T12:32:50Z,2025-03-13T21:14:16Z,2025-03-13T21:14:13Z,0,0,0,,[]
451124252,manav,manav88/manav,https://github.com/manav88/manav,,JavaScript,2022-01-23T14:11:51Z,2025-03-13T20:42:31Z,2025-03-13T20:42:28Z,1,0,0,,[]
447041826,portfolio,its-dlh/portfolio,https://github.com/its-dlh/portfolio,,JavaScript,2022-01-12T01:51:57Z,2025-03-13T20:18:19Z,2025-03-13T20:18:15Z,1,0,0,,[]
446238022,portfolio,JasianE/portfolio,https://github.com/JasianE/portfolio,,JavaScript,2022-01-10T00:43:03Z,2025-03-15T01:33:35Z,2025-03-13T19:28:50Z,1,0,0,,[]
448645076,docs,epilot-dev/docs,https://github.com/epilot-dev/docs,Developer Documentation,JavaScript,2022-01-16T18:56:06Z,2025-03-13T19:15:33Z,2025-03-13T19:15:30Z,12,3,1,,[]
443589652,Bon,nime42/Bon,https://github.com/nime42/Bon,Order system with Bon,JavaScript,2022-01-01T17:34:26Z,2025-03-13T18:57:21Z,2025-03-13T18:57:37Z,2,0,8,GNU General Public License v3.0,[]
453223254,portfolio,EmmaMcCracken/portfolio,https://github.com/EmmaMcCracken/portfolio,The template that I used for this portfolio can be found here: https://github.com/rajshekhar26/cleanfolio,JavaScript,2022-01-28T21:34:21Z,2025-03-13T17:59:45Z,2025-03-13T17:59:40Z,0,0,0,MIT License,[]
453210991,DevSummit-presentation,banuelosj/DevSummit-presentation,https://github.com/banuelosj/DevSummit-presentation,Repository for ESRI developer summit presentations,JavaScript,2022-01-28T20:41:52Z,2025-03-13T17:56:22Z,2025-03-13T17:56:18Z,4,4,0,,[]
448094865,fenagh,FENAGH/fenagh,https://github.com/FENAGH/fenagh,,JavaScript,2022-01-14T20:11:32Z,2025-03-13T17:40:21Z,2025-03-13T17:40:17Z,0,0,1,BSD Zero Clause License,[]
453539056,Google-Trends-Keywords-Scraper,fdciabdul/Google-Trends-Keywords-Scraper,https://github.com/fdciabdul/Google-Trends-Keywords-Scraper,Scraping Trends Keywords from Google ( All Country),JavaScript,2022-01-29T23:00:29Z,2025-03-13T17:39:49Z,2025-03-13T17:39:45Z,89,36,19,,[]
445766845,cybertiwari,cybertiwari/cybertiwari,https://github.com/cybertiwari/cybertiwari,"Software Engineer | Web Developer | AI Enthusiast | Specializing in Laravel, React.js, Python, AWS, and AI/ML solutions. Passionate about building scalable applications and exploring cutting-edge technologies.",JavaScript,2022-01-08T08:37:57Z,2025-03-13T17:31:28Z,2025-03-13T17:31:23Z,0,2,0,,"['business-process-automation', 'entrepreneurship', 'programmer']"
