projectName,criticalSeverityCount,highSeverityCount,mediumSeverityCount,lowSeverityCount,totalVulnerabilities,numberOfIssuesRelatedToConsistentCode,numberOfIssuesRelatedToIntentionalCode,numberOfIssuesRelatedToAdaptableCode,numberOfIssuesRelatedToResponsibleCode,numberOfBugs,numberOfCodeSmells,id,name,full_name,html_url,description,language,created_at,updated_at,pushed_at,stargazers_count,forks_count,open_issues_count,license,topics,totalTimeNeededToRemoveDebts_mins
3d,19,78,100,0,197,0,82,18,0,9,91,454103422,3d,fpinatti/3d,https://github.com/fpinatti/3d,,JavaScript,2022-01-31T17:29:23Z,2025-03-15T17:24:31Z,2025-03-15T17:24:28Z,0,0,0,Apache License 2.0,[],319
3nations-bingo,0,0,0,0,0,0,3,0,0,2,1,452867198,3nations-bingo,thegoobs/3nations-bingo,https://github.com/thegoobs/3nations-bingo,,JavaScript,2022-01-27T22:35:51Z,2025-03-15T17:16:57Z,2025-03-15T17:23:57Z,0,0,0,,[],20
adamsocrat,0,0,0,0,0,1,2,0,0,0,3,447240884,adamsocrat,adamsocrat/adamsocrat,https://github.com/adamsocrat/adamsocrat,,JavaScript,2022-01-12T14:05:02Z,2025-03-18T00:10:03Z,2025-03-18T00:10:00Z,0,0,0,,[],15
admin,10,40,23,0,73,4,88,8,0,11,89,452857312,admin,cerramaximiliano/admin,https://github.com/cerramaximiliano/admin,,JavaScript,2022-01-27T21:53:32Z,2025-03-17T20:39:36Z,2025-03-17T20:39:32Z,0,0,0,,[],684
aep-mobile-sdkdocs,0,0,0,0,0,2,5,0,0,0,7,448105687,aep-mobile-sdkdocs,AdobeDocs/aep-mobile-sdkdocs,https://github.com/AdobeDocs/aep-mobile-sdkdocs,Documentation for AEP Mobile SDKs,JavaScript,2022-01-14T20:58:20Z,2025-03-18T04:28:56Z,2025-03-18T04:28:52Z,6,42,37,Apache License 2.0,[],35
afpweb,1,6,19,0,26,5,92,3,0,1,99,443810235,afpweb,stdio2016/afpweb,https://github.com/stdio2016/afpweb,"Originally Audio FingerPrint Web, now it's Jianpu search by humming",JavaScript,2022-01-02T16:11:53Z,2025-03-17T16:00:49Z,2025-03-17T16:00:45Z,0,1,1,,"['jianpu', 'query-by-humming']",564
algorithm,0,0,0,0,0,20,60,3,0,19,64,446703539,algorithm,always97/algorithm,https://github.com/always97/algorithm,ÏïåÍ≥†Î¶¨Ï¶ò Î¨∏Ï†úÌíÄÏù¥,JavaScript,2022-01-11T06:28:37Z,2025-03-14T12:17:43Z,2025-03-14T12:17:40Z,0,0,0,,[],428
algorithm_study,0,0,0,0,0,0,28,1,0,2,27,444082158,algorithm_study,maywngml/algorithm_study,https://github.com/maywngml/algorithm_study,ÏïåÍ≥†Î¶¨Ï¶ò Í∞úÏù∏ Ïä§ÌÑ∞Îîî,JavaScript,2022-01-03T14:03:48Z,2025-03-17T12:49:23Z,2025-03-17T12:49:20Z,0,0,0,,[],374
alphabiz,0,0,0,0,0,7,83,10,0,5,95,448146826,alphabiz,tanshuai/alphabiz,https://github.com/tanshuai/alphabiz,Web3 YouTube Alternative - fully decentralized media platform and blockchain-based marketplace,JavaScript,2022-01-15T00:46:27Z,2025-03-17T07:51:23Z,2025-03-15T11:34:20Z,1203,397,9,GNU General Public License v2.0,"['blockchain', 'crypto', 'cryptocurrency', 'dapp', 'decentralization', 'decentralized', 'decentralized-applications', 'downloader', 'electron', 'media-player', 'video-player', 'web3', 'youtube']",622
andreped.github.io,0,0,0,0,0,25,72,3,0,25,75,445891456,andreped.github.io,andreped/andreped.github.io,https://github.com/andreped/andreped.github.io,Personal website,JavaScript,2022-01-08T17:59:48Z,2025-03-17T10:40:30Z,2025-03-18T00:23:26Z,1,0,1,MIT License,[],549
AntoninSlejska.github.io,0,0,0,0,0,6,69,0,0,28,47,444727598,AntoninSlejska.github.io,AntoninSlejska/AntoninSlejska.github.io,https://github.com/AntoninSlejska/AntoninSlejska.github.io,Antonin Slejska - Lebenslauf,JavaScript,2022-01-05T08:42:10Z,2025-03-16T17:52:55Z,2025-03-16T17:52:51Z,0,0,0,,[],209
app-geolocalizaci-n,0,1,9,0,10,6,2,0,0,2,6,448156839,app-geolocalizaci-n,Dafk2/app-geolocalizaci-n,https://github.com/Dafk2/app-geolocalizaci-n,App de geolocalizaci√≥n de pa√≠ses,JavaScript,2022-01-15T01:55:00Z,2025-03-15T03:15:03Z,2025-03-15T03:15:07Z,0,0,0,,[],40
ArchiCG,0,0,0,0,0,4,96,0,0,8,92,448000775,ArchiCG,nfigay/ArchiCG,https://github.com/nfigay/ArchiCG,ArchiMate Compound Graphs Viewer and Analyzer,JavaScript,2022-01-14T14:44:10Z,2025-03-17T17:04:34Z,2025-03-17T17:04:30Z,17,3,4,MIT License,[],447
array-typed-complex,0,0,0,0,0,18,77,5,0,14,86,447177549,array-typed-complex,stdlib-js/array-typed-complex,https://github.com/stdlib-js/array-typed-complex,Create a complex number typed array.,JavaScript,2022-01-12T10:42:27Z,2025-03-17T01:00:47Z,2025-03-17T01:17:01Z,2,0,0,Apache License 2.0,"['array', 'complex128array', 'complex64array', 'data', 'double', 'double-precision', 'javascript', 'matrix', 'ndarray', 'node', 'node-js', 'nodejs', 'precision', 'stdlib', 'structure', 'typed', 'typed-array', 'types', 'vector']",771
arvidsandin.github.io,0,0,0,0,0,21,79,0,0,33,67,447276279,arvidsandin.github.io,arvidsandin/arvidsandin.github.io,https://github.com/arvidsandin/arvidsandin.github.io,My personal website,JavaScript,2022-01-12T15:46:05Z,2025-03-15T11:30:54Z,2025-03-15T11:31:57Z,0,0,0,GNU General Public License v3.0,[],552
attendees32,0,0,0,0,0,6,81,13,0,0,100,446127638,attendees32,xjlin0/attendees32,https://github.com/xjlin0/attendees32,Tracking who/when/where/what of any activities with attendance records,JavaScript,2022-01-09T15:29:51Z,2025-03-14T06:44:43Z,2025-03-14T06:44:40Z,2,0,1,MIT License,[],520
atuannguyen.github.io,0,0,0,0,0,26,71,3,0,24,76,445951692,atuannguyen.github.io,atuannguyen/atuannguyen.github.io,https://github.com/atuannguyen/atuannguyen.github.io,,JavaScript,2022-01-08T23:33:05Z,2025-03-14T17:17:57Z,2025-03-14T17:18:09Z,0,0,0,MIT License,[],579
auto-contributer,0,1,0,0,1,0,1,0,0,1,0,445830836,auto-contributer,mrbenbot/auto-contributer,https://github.com/mrbenbot/auto-contributer,,JavaScript,2022-01-08T13:44:37Z,2025-03-15T08:00:28Z,2025-03-15T08:00:10Z,0,1,0,,[],5
awesome-web3,0,0,0,0,0,5,0,0,0,0,5,448622257,awesome-web3,ahmet/awesome-web3,https://github.com/ahmet/awesome-web3,"A curated list of awesome Web3 resources, libraries, tools and more.",JavaScript,2022-01-16T17:19:15Z,2025-03-17T11:47:23Z,2025-03-17T11:47:20Z,622,133,2,Creative Commons Zero v1.0 Universal,"['awesome', 'awesome-list', 'blockchain', 'ethereum', 'smart-contracts', 'solidity', 'web3']",25
azdataGraph,0,0,0,0,0,16,78,6,0,8,92,444904730,azdataGraph,microsoft/azdataGraph,https://github.com/microsoft/azdataGraph,Graph diagram component for use in Azure Data Studio and mssql for VS Code tools,JavaScript,2022-01-05T18:10:02Z,2025-03-14T05:12:57Z,2025-03-14T05:13:26Z,10,5,1,Other,[],498
aziendasanitaria-utils,1,32,18,0,51,12,72,16,0,4,96,452199213,aziendasanitaria-utils,deduzzo/aziendasanitaria-utils,https://github.com/deduzzo/aziendasanitaria-utils,Utility per la gestione dei flussi sanitari,JavaScript,2022-01-26T08:38:54Z,2025-03-17T12:21:47Z,2025-03-17T12:21:43Z,0,0,0,,[],800
Baileys,0,0,0,0,0,22,62,16,0,3,97,447363864,Baileys,WhiskeySockets/Baileys,https://github.com/WhiskeySockets/Baileys,Lightweight full-featured typescript/javascript WhatsApp Web API,JavaScript,2022-01-12T20:38:14Z,2025-03-18T03:38:58Z,2025-03-17T23:45:24Z,4915,1656,232,MIT License,[],618
BeatSaber-Web-Replays,34,128,96,5,263,14,82,4,0,3,97,449393418,BeatSaber-Web-Replays,BeatLeader/BeatSaber-Web-Replays,https://github.com/BeatLeader/BeatSaber-Web-Replays,Beat Saber web replay viewer,JavaScript,2022-01-18T18:04:25Z,2025-03-16T18:01:11Z,2025-03-16T18:01:07Z,58,13,3,MIT License,"['aframe', 'beatsaber', 'replay', 'threejs']",548
bike-fun,0,0,0,0,0,0,100,0,0,2,98,454074519,bike-fun,harryqover/bike-fun,https://github.com/harryqover/bike-fun,,JavaScript,2022-01-31T16:06:37Z,2025-03-17T18:56:50Z,2025-03-17T18:56:47Z,0,0,0,,[],569
blockquote-web-components,0,0,0,0,0,20,80,0,0,8,92,444780048,blockquote-web-components,oscarmarina/blockquote-web-components,https://github.com/oscarmarina/blockquote-web-components,Mono repo blockquote-web-components ,JavaScript,2022-01-05T11:34:59Z,2025-03-15T12:33:13Z,2025-03-15T12:33:09Z,2,1,1,MIT License,[],639
blogtini,0,0,0,0,0,54,46,0,0,29,71,454200368,blogtini,traceypooh/blogtini,https://github.com/traceypooh/blogtini,Markdown + JS 100% client-side blogs & websites,JavaScript,2022-01-31T23:11:01Z,2025-03-15T23:21:53Z,2025-03-15T23:21:49Z,8,3,4,,"['blog-theme', 'esmodules', 'github-pages', 'highlightjs', 'html', 'javascript', 'lunrjs', 'markdown', 'showdownjs', 'static-site']",541
Bon,0,0,0,0,0,6,85,9,0,0,100,443589652,Bon,nime42/Bon,https://github.com/nime42/Bon,Order system with Bon,JavaScript,2022-01-01T17:34:26Z,2025-03-13T18:57:21Z,2025-03-13T18:57:37Z,2,0,8,GNU General Public License v3.0,[],665
bosenaja,0,0,0,0,0,0,1,0,0,0,1,445076322,bosenaja,flurry4041/bosenaja,https://github.com/flurry4041/bosenaja,,JavaScript,2022-01-06T07:13:09Z,2025-03-18T04:26:40Z,2025-03-18T04:26:36Z,0,0,0,MIT License,[],2
bridge,15,55,40,2,112,83,15,2,0,4,96,448892637,bridge,svt/bridge,https://github.com/svt/bridge,An extensible client for controlling real time graphics,JavaScript,2022-01-17T12:52:36Z,2025-03-17T21:29:41Z,2025-03-17T21:40:56Z,41,6,0,MIT License,"['casparcg', 'electron', 'graphics', 'playout', 'tv-production']",496
bring-your-umbrella,15,55,37,0,107,75,25,0,0,0,100,449208567,bring-your-umbrella,imranmollajoy/bring-your-umbrella,https://github.com/imranmollajoy/bring-your-umbrella,Forecast of my locality for next 5 days,JavaScript,2022-01-18T08:52:06Z,2025-03-17T22:41:58Z,2025-03-17T22:41:55Z,0,0,0,,[],497
Brutal2,0,0,0,0,0,49,42,9,0,2,98,448521208,Brutal2,UJoe/Brutal2,https://github.com/UJoe/Brutal2,This a text-based RPG with lots of various minigames. Part II of the Bazibrutal series. A long and versatile journey of character development and adventures to become the leader of your town.,JavaScript,2022-01-16T10:26:27Z,2025-03-15T17:54:58Z,2025-03-15T17:54:55Z,0,0,0,,[],834
cal,0,0,0,0,0,0,100,0,0,9,91,451167004,cal,christianwgd/cal,https://github.com/christianwgd/cal,Calendar app for garbage collection etc. with ical api ,JavaScript,2022-01-23T16:44:43Z,2025-03-16T09:48:30Z,2025-03-16T09:48:27Z,0,0,0,,[],545
catalog_courses_update,12,57,44,1,114,71,29,0,0,1,99,450096279,catalog_courses_update,RaccoonBoyG/catalog_courses_update,https://github.com/RaccoonBoyG/catalog_courses_update,,JavaScript,2022-01-20T12:52:28Z,2025-03-14T09:41:42Z,2025-03-14T09:41:38Z,0,1,0,,[],577
cfi-commonplace-book,0,0,0,0,0,0,1,0,0,0,1,454152544,cfi-commonplace-book,johnjackoleary/cfi-commonplace-book,https://github.com/johnjackoleary/cfi-commonplace-book,"A useful starting point for CFIs, students, and anyone hoping to learn more about aviation.",JavaScript,2022-01-31T20:05:16Z,2025-03-18T04:24:23Z,2025-03-18T04:26:18Z,11,2,7,,[],5
Chirpity-Electron,0,0,0,0,0,20,76,4,0,19,81,446769486,Chirpity-Electron,Mattk70/Chirpity-Electron,https://github.com/Mattk70/Chirpity-Electron,"AI powered audio analyser for bird call visualisation, detection and cataloguing",JavaScript,2022-01-11T10:10:24Z,2025-03-14T17:32:11Z,2025-03-16T19:00:46Z,42,2,7,Other,"['bioacoustic-analysis', 'bioacoustics', 'birdnet', 'birdsong-recognition', 'nocmig', 'tensorflow', 'tensorflowjs']",843
chrislockard.net,0,0,0,0,0,68,32,0,0,9,91,443915641,chrislockard.net,chrislockard/chrislockard.net,https://github.com/chrislockard/chrislockard.net,,JavaScript,2022-01-03T02:04:32Z,2025-03-17T13:49:27Z,2025-03-17T13:49:24Z,1,0,0,,[],608
cilium.io,7,59,44,0,110,16,48,0,0,0,64,449665803,cilium.io,cilium/cilium.io,https://github.com/cilium/cilium.io,Cilium project website,JavaScript,2022-01-19T11:35:18Z,2025-03-14T21:27:34Z,2025-03-14T21:27:32Z,38,52,9,Creative Commons Attribution 4.0 International,[],595
codewars-katas,0,4,1,0,5,5,95,0,0,6,94,451510283,codewars-katas,apcurran/codewars-katas,https://github.com/apcurran/codewars-katas,My solutions to various Codewars katas,JavaScript,2022-01-24T15:02:36Z,2025-03-17T16:54:37Z,2025-03-17T16:54:33Z,0,0,0,,[],507
collection-ui,13,57,45,0,115,63,37,0,0,6,94,443725226,collection-ui,relu19/collection-ui,https://github.com/relu19/collection-ui,,JavaScript,2022-01-02T09:19:17Z,2025-03-14T18:01:01Z,2025-03-14T18:00:57Z,0,0,0,,[],500
com.tomtom,0,0,0,0,0,3,32,2,0,5,32,447543252,com.tomtom,martijnpoppen/com.tomtom,https://github.com/martijnpoppen/com.tomtom,A Homey app for TomTom EV Service,JavaScript,2022-01-13T09:43:39Z,2025-03-17T08:36:06Z,2025-03-17T08:36:02Z,1,0,0,,[],198
community-images,0,0,0,0,0,0,1,0,1,0,1,451011520,community-images,rapidfort/community-images,https://github.com/rapidfort/community-images,:gem: RapidFort hardened secure images,JavaScript,2022-01-23T05:19:16Z,2025-03-18T00:25:54Z,2025-03-18T00:25:50Z,229,39,9,MIT License,"['cve', 'docker', 'docker-image', 'hardened', 'hardened-image', 'mariadb', 'mysql', 'nginx', 'postgresql', 'redis', 'security']",35
content-entry-transform,3,16,14,0,33,0,6,1,0,0,7,446163911,content-entry-transform,arlac77/content-entry-transform,https://github.com/arlac77/content-entry-transform,transform content entries,JavaScript,2022-01-09T17:58:54Z,2025-03-17T17:33:24Z,2025-03-17T17:33:33Z,0,0,0,BSD Zero Clause License,[],45
content-scope-scripts,0,13,5,0,18,2,77,21,0,3,97,444879356,content-scope-scripts,duckduckgo/content-scope-scripts,https://github.com/duckduckgo/content-scope-scripts,A collection of shared JavaScript and HTML projects that are used within our Browsers.,JavaScript,2022-01-05T16:47:16Z,2025-03-17T17:51:38Z,2025-03-17T19:27:41Z,48,28,42,Apache License 2.0,[],830
Crypto-Tracker,15,57,41,0,113,11,1,0,0,0,12,452785399,Crypto-Tracker,Lanzar-dev/Crypto-Tracker,https://github.com/Lanzar-dev/Crypto-Tracker,,JavaScript,2022-01-27T17:48:55Z,2025-03-17T16:51:34Z,2025-03-17T17:02:37Z,0,0,0,,[],60
csaf-validator-lib,0,12,13,6,31,3,79,18,0,0,100,447612587,csaf-validator-lib,secvisogram/csaf-validator-lib,https://github.com/secvisogram/csaf-validator-lib,csaf-validator-lib is a library that can be used to check whether a given CSAF 2.0 document is valid.,JavaScript,2022-01-13T13:37:38Z,2025-03-14T09:14:06Z,2025-03-14T12:20:45Z,2,8,33,MIT License,"['csaf', 'csaf-basic-validator', 'csaf-extended-validator', 'csaf-full-validator', 'csaf-validator-lib']",875
curricularbwg,9,36,34,0,79,23,7,1,0,1,30,443848881,curricularbwg,Saad135768/curricularbwg,https://github.com/Saad135768/curricularbwg,This is basically a one-page-website for shortening urls,JavaScript,2022-01-02T19:09:48Z,2025-03-15T14:29:48Z,2025-03-15T14:29:45Z,0,0,0,MIT License,[],145
cybertiwari,0,0,0,0,0,15,5,0,0,2,18,445766845,cybertiwari,cybertiwari/cybertiwari,https://github.com/cybertiwari/cybertiwari,"Software Engineer | Web Developer | AI Enthusiast | Specializing in Laravel, React.js, Python, AWS, and AI/ML solutions. Passionate about building scalable applications and exploring cutting-edge technologies.",JavaScript,2022-01-08T08:37:57Z,2025-03-13T17:31:28Z,2025-03-13T17:31:23Z,0,2,0,,"['business-process-automation', 'entrepreneurship', 'programmer']",92
cypress-crawl-example,1,10,12,0,23,4,0,4,0,4,4,444505380,cypress-crawl-example,bahmutov/cypress-crawl-example,https://github.com/bahmutov/cypress-crawl-example,Crawling all local pages using Cypress example,JavaScript,2022-01-04T17:22:06Z,2025-03-14T04:55:00Z,2025-03-14T04:55:21Z,3,2,2,,['cypress-example'],100
d3Charts,0,0,0,0,0,8,37,0,0,26,19,447792930,d3Charts,storecloudproject/d3Charts,https://github.com/storecloudproject/d3Charts,d3 treasury charts by Sohaib for the website,JavaScript,2022-01-14T00:20:28Z,2025-03-14T22:54:02Z,2025-03-14T22:54:25Z,1,0,0,,[],240
dashboard,13,55,37,0,105,15,30,55,0,0,100,453262990,dashboard,volcano-sh/dashboard,https://github.com/volcano-sh/dashboard,The dashboard of Volcano,JavaScript,2022-01-29T01:06:26Z,2025-03-14T03:15:52Z,2025-03-14T03:15:48Z,20,15,39,Apache License 2.0,[],1269
dataflux,16,21,27,0,64,2,19,38,0,1,58,449412913,dataflux,massimocandela/dataflux,https://github.com/massimocandela/dataflux,"DataFlux is a JavaScript library that automatically interfaces with your REST APIs to create a 2-way-synced local data store. If used with React, it transparently manages data propagation in the state.",JavaScript,2022-01-18T19:06:36Z,2025-03-14T16:53:41Z,2025-03-14T16:53:37Z,4,1,0,MIT License,[],854
deno-bin-test-1,0,0,0,0,0,0,2,0,0,0,2,451057023,deno-bin-test-1,kt3k/deno-bin-test-1,https://github.com/kt3k/deno-bin-test-1,,JavaScript,2022-01-23T09:25:42Z,2025-03-15T00:26:48Z,2025-03-15T00:26:45Z,1,0,0,MIT License,[],10
DevSummit-presentation,9,46,33,0,88,29,70,1,0,42,58,453210991,DevSummit-presentation,banuelosj/DevSummit-presentation,https://github.com/banuelosj/DevSummit-presentation,Repository for ESRI developer summit presentations,JavaScript,2022-01-28T20:41:52Z,2025-03-13T17:56:22Z,2025-03-13T17:56:18Z,4,4,0,,[],673
docoff,3,23,30,0,56,0,3,1,0,2,2,452235241,docoff,react-ui-org/docoff,https://github.com/react-ui-org/docoff,Flexible React documentation HTML elements,JavaScript,2022-01-26T10:39:30Z,2025-03-15T15:45:56Z,2025-03-15T15:47:03Z,1,0,1,MIT License,[],31
docs,0,0,0,0,0,44,52,0,4,22,74,449224100,docs,sikt-no/docs,https://github.com/sikt-no/docs,,JavaScript,2022-01-18T09:41:06Z,2025-03-17T14:12:58Z,2025-03-17T14:50:12Z,1,17,18,,[],740
docs-es,0,0,0,0,0,0,6,0,0,0,6,450748021,docs-es,vitejs/docs-es,https://github.com/vitejs/docs-es,Traducci√≥n a Espa√±ol de la documentaci√≥n de vite.dev,JavaScript,2022-01-22T07:28:05Z,2025-03-16T01:18:42Z,2025-03-17T20:48:06Z,21,14,11,MIT License,"['es', 'es-419', 'es-es', 'javascript', 'typescript', 'vite', 'vite-es', 'vitejs', 'vitejs-es', 'vitepress']",8
dpl4server,8,14,15,0,37,10,68,5,2,1,82,451647314,dpl4server,bicsak/dpl4server,https://github.com/bicsak/dpl4server,,JavaScript,2022-01-24T22:00:14Z,2025-03-17T12:46:38Z,2025-03-17T12:46:35Z,0,0,0,,[],601
DSA,0,0,0,0,0,3,28,1,0,0,32,448062736,DSA,asutoshb/DSA,https://github.com/asutoshb/DSA,Most important DSA Questions,JavaScript,2022-01-14T18:05:27Z,2025-03-17T05:21:35Z,2025-03-17T05:21:31Z,0,0,0,,[],173
e2z1.github.io,0,0,0,0,0,6,9,0,0,4,11,452670338,e2z1.github.io,E2Z1/e2z1.github.io,https://github.com/E2Z1/e2z1.github.io,A website ig,JavaScript,2022-01-27T12:16:52Z,2025-03-16T11:56:29Z,2025-03-16T11:56:26Z,2,0,0,,[],63
EatDanbai,0,0,0,0,0,23,38,6,1,13,54,451056125,EatDanbai,yalwolf/EatDanbai,https://github.com/yalwolf/EatDanbai,ÂêÉÊéâËõãÁôΩ ÁΩëÈ°µÂ∞èÊ∏∏Êàè,JavaScript,2022-01-23T09:21:06Z,2025-03-16T20:13:54Z,2025-03-16T20:13:50Z,0,0,0,Apache License 2.0,"['css', 'html', 'javascript', 'php']",633
echolacombe,22,76,61,0,159,17,24,18,0,2,57,453883315,echolacombe,digital89/echolacombe,https://github.com/digital89/echolacombe,,JavaScript,2022-01-31T04:53:33Z,2025-03-14T02:12:14Z,2025-03-14T02:12:10Z,0,0,0,,[],291
electron-hiprint,0,0,0,0,0,7,27,0,0,13,21,449920904,electron-hiprint,CcSimple/electron-hiprint,https://github.com/CcSimple/electron-hiprint,,JavaScript,2022-01-20T02:01:06Z,2025-03-15T15:11:14Z,2025-03-15T15:13:30Z,96,49,2,MIT License,[],134
ember-apply,0,0,0,0,0,2,13,4,0,1,18,444935915,ember-apply,NullVoxPopuli/ember-apply,https://github.com/NullVoxPopuli/ember-apply,Automatic integration and configuration from the EmberJS community,JavaScript,2022-01-05T20:07:05Z,2025-03-17T20:34:20Z,2025-03-16T22:51:16Z,37,9,25,MIT License,"['automation', 'hacktoberfest', 'monorepo', 'nodejs']",142
eslint-plugin-smarthr,0,0,0,0,0,10,71,19,0,0,100,445692568,eslint-plugin-smarthr,kufu/eslint-plugin-smarthr,https://github.com/kufu/eslint-plugin-smarthr,,JavaScript,2022-01-08T01:03:15Z,2025-03-14T06:54:59Z,2025-03-14T06:54:57Z,23,7,1,MIT License,[],964
ewibot,0,0,0,0,0,4,38,13,0,1,54,446073889,ewibot,Eccleria/ewibot,https://github.com/Eccleria/ewibot,Discord bot for La Qu√™te d'Ewilan server.,JavaScript,2022-01-09T11:52:13Z,2025-03-16T20:43:03Z,2025-03-16T21:28:37Z,3,0,33,,"['bot', 'discord-bot', 'nodejs', 'yarn']",403
faker3,0,0,0,0,0,1,98,1,0,32,68,454174200,faker3,shufflewzc/faker3,https://github.com/shufflewzc/faker3,,JavaScript,2022-01-31T21:21:40Z,2025-03-18T03:10:25Z,2025-03-18T03:10:22Z,1680,489,33,,[],622
fastropemadeira,10,45,37,1,93,49,41,10,0,9,91,447214495,fastropemadeira,rubenf98/fastropemadeira,https://github.com/rubenf98/fastropemadeira,,JavaScript,2022-01-12T12:45:17Z,2025-03-17T23:01:07Z,2025-03-17T23:01:03Z,0,0,0,,[],491
fenagh,0,0,0,0,0,24,76,0,0,1,99,448094865,fenagh,FENAGH/fenagh,https://github.com/FENAGH/fenagh,,JavaScript,2022-01-14T20:11:32Z,2025-03-13T17:40:21Z,2025-03-13T17:40:17Z,0,0,1,BSD Zero Clause License,[],497
fetch,0,0,0,0,0,0,9,0,0,0,9,452330263,fetch,jobscale/fetch,https://github.com/jobscale/fetch,,JavaScript,2022-01-26T15:30:44Z,2025-03-17T21:13:38Z,2025-03-17T21:13:35Z,0,0,0,,[],62
ffc-pay-request-editor,7,26,23,0,56,2,3,0,0,1,4,449423807,ffc-pay-request-editor,DEFRA/ffc-pay-request-editor,https://github.com/DEFRA/ffc-pay-request-editor,Edit payment requests,JavaScript,2022-01-18T19:42:45Z,2025-03-17T16:47:46Z,2025-03-17T16:56:08Z,0,0,0,Other,[],32
find-cypress-specs,3,34,17,1,55,0,2,0,0,0,2,444404021,find-cypress-specs,bahmutov/find-cypress-specs,https://github.com/bahmutov/find-cypress-specs,Find Cypress spec files using the config settings,JavaScript,2022-01-04T12:04:54Z,2025-03-14T13:10:46Z,2025-03-14T03:08:30Z,39,12,19,,['cypress-plugin'],6
flat-voortgang,0,0,0,0,0,0,1,0,0,0,1,451452802,flat-voortgang,DesignMuseumGent/flat-voortgang,https://github.com/DesignMuseumGent/flat-voortgang,,JavaScript,2022-01-24T12:20:49Z,2025-03-18T02:21:14Z,2025-03-18T02:21:10Z,0,0,0,,[],10
flex,0,0,0,0,0,7,93,0,0,0,100,451363856,flex,GluuFederation/flex,https://github.com/GluuFederation/flex,Janssen + AdminUI + Casa,JavaScript,2022-01-24T07:42:17Z,2025-03-14T12:19:13Z,2025-03-17T23:04:00Z,26,14,74,,[],449
FormPress,0,0,0,0,0,44,49,5,2,12,86,447259081,FormPress,FormPress/FormPress,https://github.com/FormPress/FormPress,Open Source Form Builder,JavaScript,2022-01-12T14:56:48Z,2025-03-17T11:48:02Z,2025-03-17T11:47:57Z,20,5,1,MIT License,"['form-builder', 'form-builder-using-react', 'kubernetes', 'nodejs', 'open-source', 'reactjs', 'terraform']",628
fucking-awesome-mac,0,0,0,0,0,0,4,0,0,0,4,453999439,fucking-awesome-mac,Correia-jpv/fucking-awesome-mac,https://github.com/Correia-jpv/fucking-awesome-mac,"Ô£ø Now we have become very big, Different from the original idea. Collect premium software in various categories. With repository stars‚≠ê and forksüç¥",JavaScript,2022-01-31T12:32:59Z,2025-03-18T01:01:43Z,2025-03-18T01:01:41Z,31,0,1,Creative Commons Zero v1.0 Universal,"['apple', 'awesome', 'awesome-list', 'awesome-lists', 'list', 'mac', 'mac-osx', 'macos', 'macosx', 'software']",32
fullstack,4,26,34,0,64,19,1,0,0,0,20,447666389,fullstack,Pekk4/fullstack,https://github.com/Pekk4/fullstack,,JavaScript,2022-01-13T16:14:12Z,2025-03-14T17:55:40Z,2025-03-16T18:01:45Z,0,0,0,,[],100
funcSug,0,0,0,0,0,5,91,4,0,12,88,453142468,funcSug,cl4cnam/funcSug,https://github.com/cl4cnam/funcSug,A scripting language that simplifies GUI programming in browser for more linear code in line with async/await and structured concurrency,JavaScript,2022-01-28T16:40:41Z,2025-03-17T18:47:47Z,2025-03-17T18:47:43Z,9,0,5,GNU General Public License v3.0,"['async-await', 'await-event', 'browser', 'easy-programming', 'gui-programming', 'logical-parallelism', 'programming-language', 'structured-concurrency']",528
fxserver-versions-scraper,0,0,0,0,0,0,3,0,0,1,2,446972276,fxserver-versions-scraper,routmoute/fxserver-versions-scraper,https://github.com/routmoute/fxserver-versions-scraper,a tool to scrape latest FXServer versions and automatically update https://github.com/routmoute/fxserver,JavaScript,2022-01-11T20:32:47Z,2025-03-17T15:36:40Z,2025-03-17T15:36:36Z,1,0,0,MIT License,[],15
github-action-contributors,0,0,0,0,0,5,93,2,0,2,98,452136412,github-action-contributors,jaywcjlove/github-action-contributors,https://github.com/jaywcjlove/github-action-contributors,Github action generates dynamic image URL for contributor list to display it!,JavaScript,2022-01-26T04:09:49Z,2025-03-17T16:44:24Z,2025-03-17T16:46:02Z,35,1,6,MIT License,"['actions', 'avatar', 'avatar-generator', 'contributors', 'contributors-avatar', 'github-actions', 'svg']",564
gittargets,0,0,0,0,0,9,91,0,0,79,21,447243035,gittargets,ropensci-docs/gittargets,https://github.com/ropensci-docs/gittargets,auto-generated pkgdown website for: gittargets,JavaScript,2022-01-12T14:10:48Z,2025-03-14T07:01:00Z,2025-03-14T07:00:56Z,0,0,0,Other,[],172
gmierzwinski.github.io,0,0,0,0,0,1,99,0,0,15,85,443930441,gmierzwinski.github.io,gmierzwinski/gmierzwinski.github.io,https://github.com/gmierzwinski/gmierzwinski.github.io,Website for Gregory Mierzwinski,JavaScript,2022-01-03T03:32:38Z,2025-03-17T23:07:46Z,2025-03-17T23:07:43Z,0,0,0,GNU General Public License v3.0,[],890
Google-Trends-Keywords-Scraper,0,0,2,0,2,1,2,0,0,0,3,453539056,Google-Trends-Keywords-Scraper,fdciabdul/Google-Trends-Keywords-Scraper,https://github.com/fdciabdul/Google-Trends-Keywords-Scraper,Scraping Trends Keywords from Google ( All Country),JavaScript,2022-01-29T23:00:29Z,2025-03-13T17:39:49Z,2025-03-13T17:39:45Z,89,36,19,,[],15
Han-Yuan-Med.github.io,0,0,0,0,0,19,76,5,0,9,91,452586629,Han-Yuan-Med.github.io,Han-Yuan-Med/Han-Yuan-Med.github.io,https://github.com/Han-Yuan-Med/Han-Yuan-Med.github.io,Han's Academic Website,JavaScript,2022-01-27T07:44:03Z,2025-03-16T05:28:20Z,2025-03-16T05:28:16Z,3,0,0,MIT License,[],543
hap-toolkit,0,0,0,0,0,11,79,10,0,9,91,449983296,hap-toolkit,hapjs-platform/hap-toolkit,https://github.com/hapjs-platform/hap-toolkit,"Quickapp command line tools to support project creation, compilation, debugging support, etc.",JavaScript,2022-01-20T06:36:58Z,2025-03-18T02:40:07Z,2025-03-17T03:22:32Z,42,27,20,Apache License 2.0,[],889
Harry-Potter-character-searcher-React,13,63,41,0,117,63,3,0,0,0,66,451878559,Harry-Potter-character-searcher-React,claudiabg-c/Harry-Potter-character-searcher-React,https://github.com/claudiabg-c/Harry-Potter-character-searcher-React,Search engine for Harry Potter's characters and their houses,JavaScript,2022-01-25T12:59:36Z,2025-03-15T12:44:11Z,2025-03-15T12:44:07Z,0,0,0,,"['css3', 'react']",330
HatsAndCaps,0,0,0,0,0,6,36,4,0,13,33,449818316,HatsAndCaps,seyanaracore/HatsAndCaps,https://github.com/seyanaracore/HatsAndCaps,,JavaScript,2022-01-19T18:57:18Z,2025-03-17T12:19:39Z,2025-03-17T12:19:36Z,0,0,0,,[],322
helix-mediahandler,1,19,15,0,35,0,2,1,0,0,3,446915695,helix-mediahandler,adobe/helix-mediahandler,https://github.com/adobe/helix-mediahandler,Library for interacting with the helix media-bus,JavaScript,2022-01-11T17:20:54Z,2025-03-17T19:54:34Z,2025-03-17T19:54:32Z,2,4,2,Apache License 2.0,"['helix', 'library']",22
helix-sidekick-extension,4,31,26,0,61,4,69,27,0,5,95,449191296,helix-sidekick-extension,adobe/helix-sidekick-extension,https://github.com/adobe/helix-sidekick-extension,Browser extension for authors on AEM projects,JavaScript,2022-01-18T07:55:36Z,2025-03-17T19:07:53Z,2025-03-17T19:07:50Z,23,40,59,Apache License 2.0,"['chrome-extension', 'helix', 'helix2', 'helix3']",860
hello-world-nextjs,0,0,0,0,0,23,5,0,0,3,25,448854468,hello-world-nextjs,GuilhermeStracini/hello-world-nextjs,https://github.com/GuilhermeStracini/hello-world-nextjs,üìö A repository to learn NextJS,JavaScript,2022-01-17T10:49:34Z,2025-03-17T22:33:46Z,2025-03-17T22:35:45Z,1,0,2,MIT License,"['examples', 'hello-world', 'hello-world-nextjs', 'learn', 'learning', 'nextjs', 'tests']",160
homebridge-deconz,1,5,2,0,8,4,56,22,0,13,69,444432604,homebridge-deconz,ebaauw/homebridge-deconz,https://github.com/ebaauw/homebridge-deconz,Homebridge plugin for deCONZ,JavaScript,2022-01-04T13:38:20Z,2025-03-15T08:47:00Z,2025-03-15T08:46:56Z,146,9,3,Apache License 2.0,"['conbee', 'deconz', 'dresden-elektronik', 'dresdenelektronik', 'homebridge-plugin', 'homekit', 'phoscon', 'raspbee']",716
homeChange_vs2022,0,0,0,0,0,0,98,2,0,8,92,449484272,homeChange_vs2022,emersonmadrid/homeChange_vs2022,https://github.com/emersonmadrid/homeChange_vs2022,"# Welcome to QuickExchange! QuickExchange is your go-to web application for fast, reliable, and user-friendly currency conversion. Whether you're a seasoned traveler, an international businessperson",JavaScript,2022-01-18T23:46:58Z,2025-03-17T03:39:51Z,2025-03-17T03:39:47Z,0,0,0,,[],474
IDEddy.github.io,0,0,0,0,0,2,10,0,0,0,12,444975719,IDEddy.github.io,IDEddy/IDEddy.github.io,https://github.com/IDEddy/IDEddy.github.io,,JavaScript,2022-01-05T23:07:25Z,2025-03-17T17:56:29Z,2025-03-17T17:56:26Z,0,0,0,,[],60
imageframe,2,9,13,1,25,0,86,0,0,0,86,446542417,imageframe,zMoooooritz/imageframe,https://github.com/zMoooooritz/imageframe,"A lightweight Node.js application tailored for SoC's, that transforms your device into a dynamic image slideshow",JavaScript,2022-01-10T18:43:42Z,2025-03-15T17:30:21Z,2025-03-15T17:30:19Z,0,0,0,MIT License,"['bash', 'fbi', 'nodejs', 'raspberry', 'raspberry-pi', 'shell']",422
intelligent-EMB,0,15,11,0,26,66,31,3,0,0,100,448575873,intelligent-EMB,dabby9734/intelligent-EMB,https://github.com/dabby9734/intelligent-EMB,intelligent E-Message Board (iEMB),JavaScript,2022-01-16T14:21:22Z,2025-03-15T04:21:56Z,2025-03-17T20:14:48Z,4,0,7,,[],474
Interview-questions,0,0,0,0,0,2,20,0,0,4,18,452567606,Interview-questions,RahulTinku/Interview-questions,https://github.com/RahulTinku/Interview-questions,,JavaScript,2022-01-27T06:35:12Z,2025-03-18T04:31:48Z,2025-03-18T04:31:48Z,0,0,0,,[],127
ip1-8191201,0,0,0,0,0,12,20,8,0,0,40,454096431,ip1-8191201,CTECH-IT/ip1-8191201,https://github.com/CTECH-IT/ip1-8191201,ip1-8191201 created by GitHub Classroom,JavaScript,2022-01-31T17:08:35Z,2025-03-14T19:30:57Z,2025-03-14T19:30:54Z,0,0,0,,[],210
ipv-cri-address-front,0,0,0,0,0,2,5,4,0,0,11,448862714,ipv-cri-address-front,govuk-one-login/ipv-cri-address-front,https://github.com/govuk-one-login/ipv-cri-address-front,Address Credential Issuer frontend,JavaScript,2022-01-17T11:16:58Z,2025-03-17T10:08:23Z,2025-03-18T04:02:52Z,3,1,9,MIT License,"['cri-orange', 'digital-identity']",69
ipv-cri-kbv-front,0,0,0,0,0,0,1,2,0,0,3,451508047,ipv-cri-kbv-front,govuk-one-login/ipv-cri-kbv-front,https://github.com/govuk-one-login/ipv-cri-kbv-front,Frontend for the Knowledge Based Verification Credential Issuer,JavaScript,2022-01-24T14:56:47Z,2025-03-17T10:01:45Z,2025-03-18T03:21:29Z,2,0,5,MIT License,"['cri-orange', 'digital-identity']",21
Javascript-challenges,0,0,0,0,0,3,12,2,0,5,12,451146040,Javascript-challenges,priya-dharshini-n/Javascript-challenges,https://github.com/priya-dharshini-n/Javascript-challenges,,JavaScript,2022-01-23T15:28:01Z,2025-03-14T10:44:33Z,2025-03-14T10:44:30Z,0,0,0,,[],112
JavascriptKeyboard,4,32,32,0,68,3,9,0,0,0,12,448362275,JavascriptKeyboard,EricLondon/JavascriptKeyboard,https://github.com/EricLondon/JavascriptKeyboard,,JavaScript,2022-01-15T18:43:14Z,2025-03-17T12:33:56Z,2025-03-17T12:33:59Z,0,0,0,MIT License,[],48
JavaScriptLearning,0,0,0,0,0,2,98,0,0,6,94,444263386,JavaScriptLearning,1satwinder/JavaScriptLearning,https://github.com/1satwinder/JavaScriptLearning,This repository contains code for my Javascript practice,JavaScript,2022-01-04T02:39:58Z,2025-03-16T03:39:24Z,2025-03-16T03:39:21Z,1,0,0,,[],537
jetpack-shared-extension-utils,0,0,0,0,0,4,3,0,0,0,7,453041370,jetpack-shared-extension-utils,Automattic/jetpack-shared-extension-utils,https://github.com/Automattic/jetpack-shared-extension-utils,"[READ ONLY] Utility functions used by the block editor extensions. This repository is a mirror, for issue tracking and development head to: https://github.com/automattic/jetpack",JavaScript,2022-01-28T11:24:28Z,2025-03-17T17:40:11Z,2025-03-17T17:40:07Z,2,2,0,Other,[],55
jordangalida.github.io,0,0,0,0,0,11,88,1,0,3,97,447329139,jordangalida.github.io,jordangalida/jordangalida.github.io,https://github.com/jordangalida/jordangalida.github.io,,JavaScript,2022-01-12T18:31:48Z,2025-03-17T16:22:01Z,2025-03-17T16:21:57Z,0,0,0,,[],495
jradziejewski,13,52,35,0,100,10,17,1,0,9,19,443600006,jradziejewski,jradziejewski/jradziejewski,https://github.com/jradziejewski/jradziejewski,,JavaScript,2022-01-01T18:32:17Z,2025-03-14T18:24:54Z,2025-03-14T18:24:50Z,0,0,0,,[],116
js-taiwan-after-schools-map,0,0,0,0,0,2,48,0,0,1,49,450146638,js-taiwan-after-schools-map,henryleeworld/js-taiwan-after-schools-map,https://github.com/henryleeworld/js-taiwan-after-schools-map,Âè∞ÁÅ£Áü≠ÊúüË£úÁøíÁè≠ÂàÜ‰ΩàÂúñ,JavaScript,2022-01-20T15:14:00Z,2025-03-17T16:16:41Z,2025-03-17T16:16:37Z,0,0,0,,[],240
kappaml.com,21,91,73,0,185,35,8,1,0,0,44,445944111,kappaml.com,KappaML/kappaml.com,https://github.com/KappaML/kappaml.com,,JavaScript,2022-01-08T22:40:34Z,2025-03-13T21:47:49Z,2025-03-13T21:47:46Z,0,0,0,MIT License,[],220
kek-online-archive,0,0,0,0,0,41,55,4,0,27,73,445523930,kek-online-archive,defgsus/kek-online-archive,https://github.com/defgsus/kek-online-archive,archive of media ownership in germany,JavaScript,2022-01-07T13:05:42Z,2025-03-17T23:09:03Z,2025-03-17T23:08:59Z,4,1,0,,"['archive', 'broadcaster', 'democracy', 'historical-data', 'media', 'ownership', 'press', 'radio', 'shareholders', 'tv']",520
koreaygj.github.io,0,0,0,0,0,24,76,0,0,1,99,446148205,koreaygj.github.io,koreaygj/koreaygj.github.io,https://github.com/koreaygj/koreaygj.github.io,,JavaScript,2022-01-09T16:52:21Z,2025-03-14T02:09:02Z,2025-03-14T02:08:58Z,1,0,0,MIT License,[],499
korogluoykuleri,0,0,0,0,0,3,20,2,0,1,24,443855202,korogluoykuleri,emrergin/korogluoykuleri,https://github.com/emrergin/korogluoykuleri,K√∂roƒülu √ñyk√º At√∂lyesindeki √ñyk√ºler,JavaScript,2022-01-02T19:43:28Z,2025-03-16T21:05:19Z,2025-03-16T21:05:17Z,1,0,0,,[],104
labs,0,0,0,0,0,3,5,0,0,6,2,445621367,labs,BrightspaceUI/labs,https://github.com/BrightspaceUI/labs,,JavaScript,2022-01-07T18:47:47Z,2025-03-17T19:04:56Z,2025-03-17T19:04:54Z,0,1,4,Apache License 2.0,[],24
lcgbr-ecom,0,0,0,0,0,23,13,3,0,4,35,444923723,lcgbr-ecom,edurezende10/lcgbr-ecom,https://github.com/edurezende10/lcgbr-ecom,,JavaScript,2022-01-05T19:19:10Z,2025-03-17T15:03:02Z,2025-03-17T15:02:59Z,0,0,0,,[],151
learn-express,0,0,0,0,0,4,36,1,1,2,39,447832527,learn-express,sahilrajput03/learn-express,https://github.com/sahilrajput03/learn-express,,JavaScript,2022-01-14T03:37:28Z,2025-03-14T18:34:57Z,2025-03-14T18:34:53Z,1,0,0,,[],192
lectures,0,0,0,0,0,67,33,0,0,43,57,446191393,lectures,STAT540-UBC/lectures,https://github.com/STAT540-UBC/lectures,,JavaScript,2022-01-09T20:07:29Z,2025-03-17T22:12:38Z,2025-03-17T22:12:34Z,4,1,0,,[],1041
leet-code,0,0,0,0,0,5,34,1,0,1,39,443477353,leet-code,ptbhatcoder/leet-code,https://github.com/ptbhatcoder/leet-code,Collection of LeetCode questions to ace the coding interview! ,JavaScript,2022-01-01T05:29:48Z,2025-03-18T03:30:35Z,2025-03-18T03:30:31Z,2,0,0,,[],211
legacy_annotation_tool,13,50,44,2,109,26,8,7,0,1,40,449017227,legacy_annotation_tool,neurobagel/legacy_annotation_tool,https://github.com/neurobagel/legacy_annotation_tool,,JavaScript,2022-01-17T19:09:06Z,2025-03-17T20:25:36Z,2025-03-17T20:31:15Z,3,8,17,MIT License,"['fair-principles', 'linked-data']",162
lifehacks,14,62,47,0,123,27,73,0,0,21,79,444381212,lifehacks,Morphatkip/lifehacks,https://github.com/Morphatkip/lifehacks,,JavaScript,2022-01-04T10:43:41Z,2025-03-14T09:14:09Z,2025-03-14T09:14:05Z,0,0,0,,[],484
logger,0,0,0,0,0,0,1,0,0,0,1,451211251,logger,jobscale/logger,https://github.com/jobscale/logger,,JavaScript,2022-01-23T19:38:00Z,2025-03-17T21:15:38Z,2025-03-17T21:15:34Z,0,0,0,,[],5
luckyos-code.github.io,0,0,0,0,0,25,72,3,0,25,75,448409510,luckyos-code.github.io,luckyos-code/luckyos-code.github.io,https://github.com/luckyos-code/luckyos-code.github.io,Source to my personal website,JavaScript,2022-01-15T22:56:34Z,2025-03-17T04:43:01Z,2025-03-17T04:43:46Z,0,0,0,MIT License,[],549
luma-homeops,0,0,0,0,0,0,76,0,0,0,34,453816141,luma-homeops,ChristopherJMiller/luma-homeops,https://github.com/ChristopherJMiller/luma-homeops,GitOps for the home,JavaScript,2022-01-30T22:17:21Z,2025-03-18T02:51:14Z,2025-03-18T02:51:34Z,0,0,5,GNU General Public License v3.0,[],1095
madcamp_week2_server,8,11,11,0,30,4,20,0,0,0,24,445401423,madcamp_week2_server,Rudolf0328/madcamp_week2_server,https://github.com/Rudolf0328/madcamp_week2_server,,JavaScript,2022-01-07T04:51:05Z,2025-03-16T10:28:31Z,2025-03-16T10:28:28Z,0,1,0,,[],115
manav,0,0,0,0,0,1,70,0,0,5,66,451124252,manav,manav88/manav,https://github.com/manav88/manav,,JavaScript,2022-01-23T14:11:51Z,2025-03-13T20:42:31Z,2025-03-13T20:42:28Z,1,0,0,,[],101
markharrison.github.io,0,0,0,0,0,28,72,0,0,31,69,447400898,markharrison.github.io,markharrison/markharrison.github.io,https://github.com/markharrison/markharrison.github.io,markharrison.github.io,JavaScript,2022-01-12T23:25:45Z,2025-03-15T18:54:38Z,2025-03-15T18:55:59Z,0,0,0,MIT License,[],580
MC_go,0,0,0,0,0,28,68,4,0,6,94,448544348,MC_go,jsflzhong/MC_go,https://github.com/jsflzhong/MC_go,The project to learn and use Go ,JavaScript,2022-01-16T12:14:33Z,2025-03-17T16:26:02Z,2025-03-17T16:25:58Z,1,0,0,,[],399
minesweeper,0,0,0,0,0,8,91,1,0,5,95,452754278,minesweeper,aviorkahalani/minesweeper,https://github.com/aviorkahalani/minesweeper,"This classic Minesweeper game is built purely with HTML, CSS & JS, showcasing front-end skills without frameworks.",JavaScript,2022-01-27T16:17:57Z,2025-03-16T15:58:23Z,2025-03-16T15:58:20Z,0,1,0,,"['css', 'minesweeper-game', 'vanilla-javascript']",538
mocowcow.github.io,0,0,0,0,0,24,76,0,0,1,99,448500628,mocowcow.github.io,mocowcow/mocowcow.github.io,https://github.com/mocowcow/mocowcow.github.io,,JavaScript,2022-01-16T08:43:58Z,2025-03-17T08:10:46Z,2025-03-17T08:10:42Z,1,0,0,MIT License,[],499
mrKuznetsov698.github.io,0,0,0,0,0,1,1,0,0,1,1,452408701,mrKuznetsov698.github.io,mrKuznetsov698/mrKuznetsov698.github.io,https://github.com/mrKuznetsov698/mrKuznetsov698.github.io,,JavaScript,2022-01-26T19:18:29Z,2025-03-14T08:45:29Z,2025-03-14T08:45:26Z,0,0,0,,[],10
msswabot,1,9,11,0,21,2,39,2,4,0,43,453543358,msswabot,mssjew/msswabot,https://github.com/mssjew/msswabot,,JavaScript,2022-01-29T23:27:53Z,2025-03-17T15:58:12Z,2025-03-17T15:58:08Z,0,0,0,,[],450
ndarray-base-assert-is-read-only,0,0,0,0,0,18,79,3,0,11,89,452234824,ndarray-base-assert-is-read-only,stdlib-js/ndarray-base-assert-is-read-only,https://github.com/stdlib-js/ndarray-base-assert-is-read-only,Test if an ndarray is read-only.,JavaScript,2022-01-26T10:37:57Z,2025-03-17T01:46:58Z,2025-03-17T03:10:39Z,1,0,0,Apache License 2.0,[],660
ndarray-zeros,0,0,0,0,0,23,72,5,0,16,84,449984522,ndarray-zeros,stdlib-js/ndarray-zeros,https://github.com/stdlib-js/ndarray-zeros,Create a zero-filled ndarray having a specified shape and data type.,JavaScript,2022-01-20T06:41:51Z,2025-03-17T01:17:38Z,2025-03-17T01:44:32Z,2,0,0,Apache License 2.0,[],688
Nerinyan-WEB,15,55,37,0,107,39,60,1,0,1,99,446757055,Nerinyan-WEB,Nerinyan/Nerinyan-WEB,https://github.com/Nerinyan/Nerinyan-WEB,beatmap mirror website with simple ui,JavaScript,2022-01-11T09:29:10Z,2025-03-14T12:50:45Z,2025-03-14T12:51:05Z,5,1,0,GNU General Public License v3.0,[],484
Nick-NCSU.github.io,13,52,35,0,100,7,0,0,0,0,7,453165417,Nick-NCSU.github.io,Nick-NCSU/Nick-NCSU.github.io,https://github.com/Nick-NCSU/Nick-NCSU.github.io,,JavaScript,2022-01-28T17:55:25Z,2025-03-16T16:18:18Z,2025-03-16T16:21:59Z,0,0,0,,[],35
nimmersatt,0,0,0,0,0,1,2,0,0,0,3,444576706,nimmersatt,bearbob/nimmersatt,https://github.com/bearbob/nimmersatt,,JavaScript,2022-01-04T22:04:15Z,2025-03-13T22:06:51Z,2025-03-13T22:06:48Z,0,0,0,MIT License,[],15
node-red-my-nodes,0,0,0,0,0,9,73,9,0,1,90,453354548,node-red-my-nodes,m-schaeffler/node-red-my-nodes,https://github.com/m-schaeffler/node-red-my-nodes,my nodes for node red,JavaScript,2022-01-29T09:35:18Z,2025-03-17T16:34:31Z,2025-03-17T16:34:27Z,5,4,1,GNU Lesser General Public License v2.1,"['javascipt', 'node-red']",538
node.it,0,0,0,0,0,0,1,0,0,1,0,450257135,node.it,DavitTec/node.it,https://github.com/DavitTec/node.it,playing with node,JavaScript,2022-01-20T21:03:39Z,2025-03-18T00:32:59Z,2025-03-18T00:32:54Z,0,0,0,MIT License,[],2
nodejs-express-jwt-mongodb-boilerplate,0,0,0,0,0,3,72,12,0,2,85,449242238,nodejs-express-jwt-mongodb-boilerplate,talatkuyuk/nodejs-express-jwt-mongodb-boilerplate,https://github.com/talatkuyuk/nodejs-express-jwt-mongodb-boilerplate,,JavaScript,2022-01-18T10:38:27Z,2025-03-17T11:59:04Z,2025-03-17T11:58:56Z,1,0,0,MIT License,[],991
NSE-BhavCopy-Daily,2,10,8,0,20,0,5,0,0,0,5,449805730,NSE-BhavCopy-Daily,ShabbirHasan1/NSE-BhavCopy-Daily,https://github.com/ShabbirHasan1/NSE-BhavCopy-Daily,,JavaScript,2022-01-19T18:17:01Z,2025-03-17T13:45:08Z,2025-03-17T13:45:03Z,1,1,0,,[],17
obscene_racing_machine,0,0,0,0,0,5,94,1,0,20,80,450676212,obscene_racing_machine,JakeWLang/obscene_racing_machine,https://github.com/JakeWLang/obscene_racing_machine,"""Jake Lang's portfolio project""",JavaScript,2022-01-22T00:12:58Z,2025-03-16T21:57:36Z,2025-03-16T21:57:33Z,0,0,0,,[],604
OpiskelijalounasWebFetchAction,0,2,8,0,10,0,6,0,0,1,5,448100641,OpiskelijalounasWebFetchAction,ollitoivanen/OpiskelijalounasWebFetchAction,https://github.com/ollitoivanen/OpiskelijalounasWebFetchAction,Github action used to fetch daily menus for Opiskelijalounas √Öbo Web,JavaScript,2022-01-14T20:35:37Z,2025-03-18T04:25:32Z,2025-03-18T04:25:29Z,1,0,0,,[],16
personal-landing-page,5,29,33,0,67,5,19,0,0,0,24,450700546,personal-landing-page,BenjaminMichaelis/personal-landing-page,https://github.com/BenjaminMichaelis/personal-landing-page,My own personal landing page; LinkTree alternative,JavaScript,2022-01-22T02:49:40Z,2025-03-17T04:51:06Z,2025-03-17T04:51:03Z,4,0,2,MIT License,"['landing-page', 'landingpage', 'linktree', 'linktree-alternative', 'linktree-clone']",92
PersonalSite,11,34,54,1,100,66,24,10,0,5,95,447675471,PersonalSite,barnacleDevelopments/PersonalSite,https://github.com/barnacleDevelopments/PersonalSite,,JavaScript,2022-01-13T16:42:04Z,2025-03-17T22:31:45Z,2025-03-17T22:31:42Z,1,0,0,,[],607
pgz-hiprint-html,0,0,0,0,0,0,100,0,0,21,79,444043599,pgz-hiprint-html,JaneYork/pgz-hiprint-html,https://github.com/JaneYork/pgz-hiprint-html,‰∏ÄÊ¨æwebÊâìÂç∞ËÆæËÆ°Êèí‰ª∂ÔºåÁÆÄÂçïÊòìÁî®ÔºåÂü∫‰∫éHIPrint„ÄÇÈÄÇÁî®‰∫éÊôÆÈÄöHTMLÂíåvueÈ°πÁõÆÔºÅÂèØ‰ª•Áõ¥Êé•‰∏äÊâã‰ΩøÁî®ÔºÅ,JavaScript,2022-01-03T11:54:39Z,2025-03-14T02:22:30Z,2025-03-14T02:22:27Z,9,4,0,MIT License,"['janeyork', 'print', 'print-designer', 'pusdn']",459
philanderson.uk,37,146,109,2,294,21,12,0,0,1,32,451735824,philanderson.uk,philanderson888/philanderson.uk,https://github.com/philanderson888/philanderson.uk,Website of www.philanderson.uk,JavaScript,2022-01-25T04:34:37Z,2025-03-16T10:27:35Z,2025-03-16T10:27:32Z,0,0,0,MIT License,[],138
PiLot,0,6,3,0,9,3,96,1,0,15,85,443817925,PiLot,RCgmbh/PiLot,https://github.com/RCgmbh/PiLot,"Raspberry PI based boating system with offline maps, navigation, logbook and much more.",JavaScript,2022-01-02T16:44:47Z,2025-03-16T16:31:22Z,2025-03-16T16:31:19Z,9,0,8,GNU General Public License v3.0,"['boating', 'gps', 'open-boat-projects', 'openseamap', 'openstreetmap', 'rpi']",220
Pixel-Art-Maker-at-Masterschool,0,0,0,0,0,0,3,0,0,3,0,449065664,Pixel-Art-Maker-at-Masterschool,alexander-kuzmin-us/Pixel-Art-Maker-at-Masterschool,https://github.com/alexander-kuzmin-us/Pixel-Art-Maker-at-Masterschool,A single-page app in JavaScript where the user can create artistic designs.,JavaScript,2022-01-17T22:22:48Z,2025-03-15T20:04:02Z,2025-03-15T20:03:59Z,0,0,0,Other,[],5
plattform,0,0,0,0,0,82,17,1,0,14,86,452864276,plattform,republik/plattform,https://github.com/republik/plattform,The platform that powers republik.ch. A tailored solution for a membership based online magazine.,JavaScript,2022-01-27T22:22:40Z,2025-03-17T15:56:44Z,2025-03-17T15:56:42Z,76,11,44,,"['apollo', 'cms', 'graphql', 'nextjs', 'postgresql', 'react', 'wysiwyg']",512
playchess,0,0,0,0,0,91,6,2,1,1,98,449775243,playchess,Swarup-Ranjan-Mondal/playchess,https://github.com/Swarup-Ranjan-Mondal/playchess,"Play Chess is a fully responsive web app for playing chess. Built with Django backend and React frontend, it offers a lot of features like online real-time play, chess engines play, and much more. ",JavaScript,2022-01-19T16:44:49Z,2025-03-14T20:52:18Z,2025-03-14T20:52:15Z,1,0,0,,"['css', 'django', 'microservice', 'react', 'reactjs', 'redis', 'redux']",533
pob-monorepo-test-repository,0,0,0,0,0,15,20,0,0,3,32,443762481,pob-monorepo-test-repository,christophehurpeau/pob-monorepo-test-repository,https://github.com/christophehurpeau/pob-monorepo-test-repository,,JavaScript,2022-01-02T12:38:45Z,2025-03-16T13:03:56Z,2025-03-16T13:03:53Z,1,0,3,ISC License,[],141
portfolio,0,19,13,0,32,62,38,0,0,9,91,451110427,portfolio,rajatverma311201/portfolio,https://github.com/rajatverma311201/portfolio,,JavaScript,2022-01-23T13:21:42Z,2025-03-16T18:11:21Z,2025-03-16T18:11:17Z,3,0,0,,"['framer-motion', 'nextjs', 'react', 'sass']",456
portfolio-ggc,0,6,8,0,14,4,2,0,0,0,6,453890739,portfolio-ggc,gavinmgrant/portfolio-ggc,https://github.com/gavinmgrant/portfolio-ggc,A web development portfolio website using Next.js.,JavaScript,2022-01-31T05:31:20Z,2025-03-14T21:27:52Z,2025-03-14T21:27:49Z,1,0,0,,"['portfolio', 'tailwindcss']",30
Portfolio_old,0,0,0,0,0,91,7,2,0,2,98,451613140,Portfolio_old,ThiagoLeaoDev/Portfolio_old,https://github.com/ThiagoLeaoDev/Portfolio_old,,JavaScript,2022-01-24T19:59:04Z,2025-03-15T17:04:46Z,2025-03-15T17:04:42Z,8,0,1,,[],522
pravee03,0,4,0,0,4,0,1,2,0,0,3,451750884,pravee03,pravee03/pravee03,https://github.com/pravee03/pravee03,Config files for my GitHub profile.,JavaScript,2022-01-25T05:45:46Z,2025-03-14T14:08:50Z,2025-03-14T14:08:46Z,0,0,0,,"['config', 'github-config']",21
presentations,3,26,16,0,45,26,60,14,0,11,83,453682650,presentations,DenisYaroshevskiy/presentations,https://github.com/DenisYaroshevskiy/presentations,One repo for all new presentations hopefully,JavaScript,2022-01-30T13:06:49Z,2025-03-15T19:01:58Z,2025-03-15T19:01:56Z,4,0,0,MIT License,[],803
press-start,0,0,0,0,0,11,87,2,0,10,90,444202151,press-start,OG-Ted/press-start,https://github.com/OG-Ted/press-start,,JavaScript,2022-01-03T21:18:02Z,2025-03-16T21:29:05Z,2025-03-16T21:29:01Z,0,0,0,,[],466
putio-downloader,0,0,0,0,0,3,4,0,0,1,6,445920366,putio-downloader,jmugliston/putio-downloader,https://github.com/jmugliston/putio-downloader,Put.io downloader app.,JavaScript,2022-01-08T20:23:18Z,2025-03-17T19:59:50Z,2025-03-17T19:59:49Z,2,0,0,MIT License,[],32
Quotes,0,0,0,0,0,0,10,0,0,1,9,445395088,Quotes,leehildebrand/Quotes,https://github.com/leehildebrand/Quotes,Things I like to read,JavaScript,2022-01-07T04:16:36Z,2025-03-17T15:10:11Z,2025-03-17T15:10:57Z,0,0,0,Creative Commons Zero v1.0 Universal,"['lwc-oss', 'salesforce', 'sfdx']",43
RAScripts,0,11,5,0,16,0,4,1,0,0,5,446079670,RAScripts,suXinjke/RAScripts,https://github.com/suXinjke/RAScripts,RetroAchievements scripts made with cruncheevos and RATools,JavaScript,2022-01-09T12:19:00Z,2025-03-16T08:59:49Z,2025-03-16T08:59:45Z,2,0,0,,[],27
roborock-controller-api,0,0,0,0,0,4,1,0,0,0,5,450875703,roborock-controller-api,jmugliston/roborock-controller-api,https://github.com/jmugliston/roborock-controller-api,Roborock controller API,JavaScript,2022-01-22T16:42:41Z,2025-03-17T09:12:56Z,2025-03-17T09:12:55Z,3,0,0,MIT License,[],25
rss-feed-parser,2,17,11,0,30,0,1,1,0,0,2,451964411,rss-feed-parser,0-vortex/rss-feed-parser,https://github.com/0-vortex/rss-feed-parser,Experimenting with parsing my network feed for different clients,JavaScript,2022-01-25T16:55:46Z,2025-03-18T04:32:00Z,2025-03-18T04:31:56Z,6,4,0,MIT License,[],26
Rules,0,0,0,0,0,2,4,0,0,0,6,452163234,Rules,dler-io/Rules,https://github.com/dler-io/Rules,,JavaScript,2022-01-26T06:20:37Z,2025-03-17T01:25:22Z,2025-03-16T19:26:58Z,1087,227,15,,[],15
scarletflamecandleco.github.io,0,0,0,0,0,7,93,0,0,36,64,443853965,scarletflamecandleco.github.io,scarletflamecandleco/scarletflamecandleco.github.io,https://github.com/scarletflamecandleco/scarletflamecandleco.github.io,,JavaScript,2022-01-02T19:36:38Z,2025-03-15T22:40:19Z,2025-03-15T22:40:14Z,0,0,0,,[],291
ScoreSaberRanking,0,0,0,0,0,1,18,0,0,1,18,446272278,ScoreSaberRanking,rynan4818/ScoreSaberRanking,https://github.com/rynan4818/ScoreSaberRanking,ScoreSaber„ÅÆÂêÑÁ®Æ„É©„É≥„Ç≠„É≥„Ç∞,JavaScript,2022-01-10T03:47:48Z,2025-03-17T07:53:47Z,2025-03-17T07:53:43Z,5,1,0,,[],89
SearchPhrases,0,0,0,0,0,0,51,0,0,5,46,446809990,SearchPhrases,Leidwesen/SearchPhrases,https://github.com/Leidwesen/SearchPhrases,"A compendium of all Pok√©mon GO search terms / phrases, their uses and translations, their bugs, and related links.",JavaScript,2022-01-11T12:21:26Z,2025-03-15T18:38:36Z,2025-03-15T18:38:32Z,3,1,1,,['pokemon-go'],238
security,0,0,0,0,0,0,96,4,0,17,83,453090063,security,SmileB4Deathz/security,https://github.com/SmileB4Deathz/security,,JavaScript,2022-01-28T14:06:05Z,2025-03-15T21:10:14Z,2025-03-15T21:10:10Z,0,0,0,,[],594
shaoshupai-trending-hot-search,0,1,9,0,10,0,1,0,0,0,1,446123949,shaoshupai-trending-hot-search,hua1995116/shaoshupai-trending-hot-search,https://github.com/hua1995116/shaoshupai-trending-hot-search,Â∞ëÊï∞Ê¥æÁÉ≠Èó®Ê¶úÔºåËÆ∞ÂΩï‰ªé 2022-01-09 Êó•ÂºÄÂßãÁöÑÂ∞ëÊï∞Ê¥æÁÉ≠Èó®ÊñáÁ´†„ÄÇÊØèÂ§© 21:00 ÊäìÂèñÔºåÊåâÂ§©ÂΩíÊ°£„ÄÇ,JavaScript,2022-01-09T15:15:22Z,2025-03-18T00:25:23Z,2025-03-18T00:25:20Z,28,2,1,MIT License,[],5
site,0,0,0,0,0,1,88,11,0,0,100,453061755,site,yonatan-reicher/site,https://github.com/yonatan-reicher/site,,JavaScript,2022-01-28T12:36:54Z,2025-03-16T11:49:39Z,2025-03-16T11:49:36Z,0,0,0,,[],645
slowle,0,0,0,0,0,4,6,1,0,1,10,444393569,slowle,mkatch/slowle,https://github.com/mkatch/slowle,,JavaScript,2022-01-04T11:27:52Z,2025-03-17T23:01:22Z,2025-03-17T23:01:19Z,2,1,1,,[],48
slugplanners,0,0,6,0,6,0,19,0,0,1,18,447853549,slugplanners,jasminetai/slugplanners,https://github.com/jasminetai/slugplanners,A site to help UCSC students plan out their schedules over several years.,JavaScript,2022-01-14T05:31:31Z,2025-03-14T05:00:20Z,2025-03-14T05:00:19Z,0,0,0,,[],82
SoftUni_Main_SW_Engineering_Program,7,47,106,7,167,26,61,0,13,1,86,445943626,SoftUni_Main_SW_Engineering_Program,Solenkoff/SoftUni_Main_SW_Engineering_Program,https://github.com/Solenkoff/SoftUni_Main_SW_Engineering_Program,Homework Assignments and Exams in the CSharp Curriculum of Software University,JavaScript,2022-01-08T22:37:12Z,2025-03-15T22:38:22Z,2025-03-15T22:38:18Z,0,0,0,,[],782
speaker-calibration,8,41,42,0,91,99,1,0,0,1,99,454140599,speaker-calibration,EasyEyes/speaker-calibration,https://github.com/EasyEyes/speaker-calibration,a p2p system that calibrates user's speakers with their mobile device,JavaScript,2022-01-31T19:25:37Z,2025-03-17T15:09:43Z,2025-03-17T15:09:39Z,2,2,0,MIT License,[],497
spice-diode-model-js,0,0,0,0,0,8,90,2,0,7,93,443575225,spice-diode-model-js,dvhx/spice-diode-model-js,https://github.com/dvhx/spice-diode-model-js,Online tool to create Spice model of any diode from measured values of forward voltage and current,JavaScript,2022-01-01T16:16:24Z,2025-03-15T09:55:53Z,2025-03-15T09:55:50Z,3,0,0,GNU General Public License v3.0,"['diode', 'diodes', 'electronics', 'simulation', 'spice', 'web']",673
spotify-friend-activity,5,15,13,0,33,4,5,0,0,1,8,451000381,spotify-friend-activity,jackweatherford/spotify-friend-activity,https://github.com/jackweatherford/spotify-friend-activity,Browser extension for viewing your friends' activity in Spotify's web player.,JavaScript,2022-01-23T04:06:18Z,2025-03-16T03:57:14Z,2025-03-17T03:17:10Z,26,5,6,MIT License,"['chrome', 'chrome-extension', 'firefox', 'firefox-addon', 'preact', 'sass', 'spotify']",45
srs-docs,0,0,0,0,0,10,6,2,0,0,18,445789751,srs-docs,ossrs/srs-docs,https://github.com/ossrs/srs-docs,The documents for SRS,JavaScript,2022-01-08T10:34:32Z,2025-03-18T00:35:44Z,2025-03-18T00:45:41Z,12,43,1,MIT License,[],90
standard,0,0,0,0,0,16,61,14,0,5,86,447085622,standard,typhonjs-fvtt-lib/standard,https://github.com/typhonjs-fvtt-lib/standard,Provides a standard Svelte component library for the TyphonJS Runtime Library.,JavaScript,2022-01-12T05:15:27Z,2025-03-15T02:30:25Z,2025-03-15T02:30:21Z,2,1,0,Mozilla Public License 2.0,[],663
strapi4,0,0,0,0,0,1,3,0,0,0,4,444461075,strapi4,platformsh-templates/strapi4,https://github.com/platformsh-templates/strapi4,Strapi version 4 template for Platform.sh,JavaScript,2022-01-04T15:02:04Z,2025-03-18T02:08:27Z,2025-03-18T02:08:23Z,3,5,1,,[],20
stromausfall-snapshots,0,0,0,0,0,0,2,0,0,0,2,448630101,stromausfall-snapshots,validblock/stromausfall-snapshots,https://github.com/validblock/stromausfall-snapshots,Daily snapshot of power outages in Germany,JavaScript,2022-01-16T17:51:28Z,2025-03-18T01:15:09Z,2025-03-18T01:15:06Z,0,0,0,MIT License,[],6
strudel,0,0,0,0,0,4,93,3,0,0,100,450927247,strudel,tidalcycles/strudel,https://github.com/tidalcycles/strudel,"Web-based environment for live coding algorithmic patterns, incorporating a faithful port of TidalCycles to JavaScript",JavaScript,2022-01-22T20:24:35Z,2025-03-17T21:44:53Z,2025-03-17T09:38:55Z,771,135,269,GNU Affero General Public License v3.0,"['algorave', 'algorithmic-patterns', 'javascript', 'livecoding', 'music', 'synthesizer', 'tidal', 'tidalcycles', 'web-audio', 'webaudio']",190
study-blog,0,0,0,0,0,1,0,0,0,0,1,445472069,study-blog,1998yyh/study-blog,https://github.com/1998yyh/study-blog,Â≠¶‰π†ÂçöÂÆ¢,JavaScript,2022-01-07T09:48:32Z,2025-03-14T08:46:42Z,2025-03-14T08:46:39Z,2,0,0,,[],5
sumanbiswas7,3,0,8,0,11,0,2,0,0,0,2,451523416,sumanbiswas7,sumanbiswas7/sumanbiswas7,https://github.com/sumanbiswas7/sumanbiswas7,"my personal repository, a bit about me. my bot calculates my uptime, total commits and keeps my readme updated :)",JavaScript,2022-01-24T15:37:33Z,2025-03-18T01:23:49Z,2025-03-18T01:23:44Z,0,0,0,,"['github', 'readme']",10
svskaushik.github.io,18,71,55,0,144,13,33,1,0,5,42,444553967,svskaushik.github.io,svskaushik/svskaushik.github.io,https://github.com/svskaushik/svskaushik.github.io,Portfolio,JavaScript,2022-01-04T20:27:28Z,2025-03-15T04:43:35Z,2025-03-15T04:33:46Z,0,0,0,MIT License,[],161
thiagozf,0,2,2,0,4,0,3,0,0,0,3,446673465,thiagozf,thiagozf/thiagozf,https://github.com/thiagozf/thiagozf,,JavaScript,2022-01-11T04:10:58Z,2025-03-18T04:18:02Z,2025-03-18T04:17:58Z,1,0,0,,[],2
token-lists,0,0,0,0,0,4,8,0,0,0,12,446550388,token-lists,brave/token-lists,https://github.com/brave/token-lists,Manages custom token lists for Brave Wallet,JavaScript,2022-01-10T19:09:56Z,2025-03-18T01:04:32Z,2025-03-18T01:04:30Z,23,9,16,Mozilla Public License 2.0,[],60
tools.openapis.org,0,0,0,0,0,87,13,0,0,16,84,448083351,tools.openapis.org,OAI/tools.openapis.org,https://github.com/OAI/tools.openapis.org,A collection of open-source and commercial tools for creating your APIs with OpenAPI - Sourced from and published for the community,JavaScript,2022-01-14T19:24:14Z,2025-03-18T03:40:43Z,2025-03-18T03:40:38Z,126,40,31,,"['openapi', 'openapi-spec', 'openapi3']",466
Tour-of-Honor-MobileApp,18,34,26,0,78,81,18,1,0,0,100,449135972,Tour-of-Honor-MobileApp,DJFriar/Tour-of-Honor-MobileApp,https://github.com/DJFriar/Tour-of-Honor-MobileApp,Mobile App for Tour of Honor,JavaScript,2022-01-18T04:11:13Z,2025-03-18T00:10:13Z,2025-03-18T00:10:09Z,0,0,0,,[],484
Translators-Discord-Bot,2,16,14,6,38,1,16,6,0,2,21,448610727,Translators-Discord-Bot,arasuludag/Translators-Discord-Bot,https://github.com/arasuludag/Translators-Discord-Bot,A very comprehensive Discord bot using NodeJS and DiscordJS.,JavaScript,2022-01-16T16:33:59Z,2025-03-16T21:30:45Z,2025-03-16T21:30:41Z,0,0,0,,"['bot', 'discord', 'discord-bot', 'discord-js', 'discordjs']",225
tutorscheduling-backend,9,27,26,0,62,14,85,1,0,1,99,446561498,tutorscheduling-backend,OC-ComputerScience/tutorscheduling-backend,https://github.com/OC-ComputerScience/tutorscheduling-backend,This repository is for the backend of the OC Tutor Scheduling system with Node.,JavaScript,2022-01-10T19:49:29Z,2025-03-17T15:37:04Z,2025-03-17T15:38:23Z,1,0,0,,[],411
twitch_clips_player,0,0,0,0,0,9,75,16,0,0,100,451204851,twitch_clips_player,teklynk/twitch_clips_player,https://github.com/teklynk/twitch_clips_player,OBS overlay that automatically plays clips from Twitch. Clips can be random or in the order they were created.,JavaScript,2022-01-23T19:11:35Z,2025-03-17T22:36:21Z,2025-03-17T22:36:18Z,24,8,8,,"['livestream', 'obs', 'twitch']",875
uber-clone,0,0,0,0,0,5,21,0,3,2,24,447952495,uber-clone,Shashwat0212/uber-clone,https://github.com/Shashwat0212/uber-clone,,JavaScript,2022-01-14T12:00:33Z,2025-03-17T09:35:44Z,2025-03-17T09:35:40Z,0,0,0,,[],191
UMTX,0,0,0,0,0,13,84,3,0,3,97,452550406,UMTX,PS4IDEA/UMTX,https://github.com/PS4IDEA/UMTX,,JavaScript,2022-01-27T05:23:27Z,2025-03-13T23:43:33Z,2025-03-13T23:43:30Z,0,0,0,,[],692
unitedprinters.github.io,0,0,0,0,0,12,86,2,0,15,85,448059116,unitedprinters.github.io,sujit1618/unitedprinters.github.io,https://github.com/sujit1618/unitedprinters.github.io,,JavaScript,2022-01-14T17:52:41Z,2025-03-15T08:00:51Z,2025-03-15T08:00:47Z,0,0,0,,[],501
usdr-gost,0,0,0,0,0,24,47,29,0,4,96,447283171,usdr-gost,usdigitalresponse/usdr-gost,https://github.com/usdigitalresponse/usdr-gost,USDR-hosted grants management tools,JavaScript,2022-01-12T16:05:41Z,2025-03-17T17:48:30Z,2025-03-17T17:48:27Z,32,22,336,Apache License 2.0,[],839
usercentrics-widgets,1,13,5,0,19,2,7,0,0,0,9,444431806,usercentrics-widgets,netresearch/usercentrics-widgets,https://github.com/netresearch/usercentrics-widgets,Lightweight customizable placeholders for third party content of your website (e.g. Youtube Videos) compatible with the Usercentrics CMP.,JavaScript,2022-01-04T13:36:00Z,2025-03-15T13:03:03Z,2025-03-17T10:33:11Z,4,1,2,MIT License,['usercentrics'],36
user_migration,0,2,18,1,21,26,22,9,2,0,57,446917197,user_migration,nextcloud/user_migration,https://github.com/nextcloud/user_migration,This app allows users to easily migrate from one instance to another using an export of their account,JavaScript,2022-01-11T17:25:37Z,2025-03-18T02:09:53Z,2025-03-18T02:09:57Z,20,8,27,GNU Affero General Public License v3.0,"['migrate', 'migration', 'nextcloud']",372
video-json,2,17,13,0,32,5,41,0,0,8,38,453672655,video-json,YOmaann/video-json,https://github.com/YOmaann/video-json,,JavaScript,2022-01-30T12:22:33Z,2025-03-15T09:51:28Z,2025-03-15T09:51:24Z,0,0,0,,[],210
VincentJuge1987.github.io,0,0,0,0,0,34,66,0,0,60,40,450904391,VincentJuge1987.github.io,VincentJuge1987/VincentJuge1987.github.io,https://github.com/VincentJuge1987/VincentJuge1987.github.io,,JavaScript,2022-01-22T18:38:45Z,2025-03-17T17:53:06Z,2025-03-17T17:53:03Z,3,0,0,GNU General Public License v3.0,[],420
vizitka-interaktivni,0,0,0,0,0,3,8,1,0,3,9,453207396,vizitka-interaktivni,TeVr42/vizitka-interaktivni,https://github.com/TeVr42/vizitka-interaktivni,,JavaScript,2022-01-28T20:27:21Z,2025-03-16T20:49:58Z,2025-03-16T20:49:54Z,0,0,0,,[],72
voice-over-translation,2,12,22,0,36,4,83,13,0,4,96,450906609,voice-over-translation,ilyhalight/voice-over-translation,https://github.com/ilyhalight/voice-over-translation,"–ù–µ–±–æ–ª—å—à–æ–µ —Ä–∞—Å—à–∏—Ä–µ–Ω–∏–µ, –∫–æ—Ç–æ—Ä–æ–µ –¥–æ–±–∞–≤–ª—è–µ—Ç –∑–∞–∫–∞–¥—Ä–æ–≤—ã–π –ø–µ—Ä–µ–≤–æ–¥ –≤–∏–¥–µ–æ –∏–∑ YaBrowser –≤ –¥—Ä—É–≥–∏–µ –±—Ä–∞—É–∑–µ—Ä—ã",JavaScript,2022-01-22T18:48:22Z,2025-03-17T19:53:27Z,2025-03-16T12:49:54Z,4597,297,112,Other,"['vot', 'vtrans']",729
vue-currentuser,0,0,2,0,2,0,1,1,0,0,2,451133151,vue-currentuser,namelivia/vue-currentuser,https://github.com/namelivia/vue-currentuser,Just some common operations,JavaScript,2022-01-23T14:43:00Z,2025-03-15T14:36:40Z,2025-03-15T14:36:44Z,0,0,0,,[],10
vue-demo,18,66,64,1,149,2,3,0,0,1,4,452892548,vue-demo,nealwp/vue-demo,https://github.com/nealwp/vue-demo,"implementing examples from ""Vue.js Up & Running""",JavaScript,2022-01-28T00:39:26Z,2025-03-16T16:40:58Z,2025-03-16T16:40:55Z,0,0,0,,[],22
vue-stark-boil,0,0,0,0,0,0,4,0,0,0,4,445642420,vue-stark-boil,dontpanicdao/vue-stark-boil,https://github.com/dontpanicdao/vue-stark-boil,Vue.js boilerplate for interacting with StarkNet,JavaScript,2022-01-07T20:19:45Z,2025-03-17T01:19:15Z,2025-03-17T01:19:12Z,19,3,4,,[],20
Warzone-generator,0,0,0,0,0,17,28,0,0,17,28,445581690,Warzone-generator,b4bjw123/Warzone-generator,https://github.com/b4bjw123/Warzone-generator,,JavaScript,2022-01-07T16:20:26Z,2025-03-15T21:02:34Z,2025-03-15T21:02:30Z,0,0,0,,[],272
