projectName,criticalSeverityCount,highSeverityCount,mediumSeverityCount,lowSeverityCount,totalVulnerabilities,numberOfIssuesRelatedToConsistentCode,numberOfIssuesRelatedToIntentionalCode,numberOfIssuesRelatedToAdaptableCode,numberOfIssuesRelatedToResponsibleCode,numberOfBugs,numberOfCodeSmells,full_name,html_url,description,language,created_at,updated_at,pushed_at,stargazers_count,forks_count,open_issues_count,license,topics,totalTimeNeededToRemoveDebts_mins
21ca.github.io,0,0,0,0,0,0,100,0,0,0,100,21ca/21ca.github.io,https://github.com/21ca/21ca.github.io,,JavaScript,2018-01-11T03:19:00Z,2025-02-28T07:49:18Z,2025-02-28T07:49:15Z,0,0,0,,[],500
6r1d.github.io,0,0,0,0,0,0,26,0,0,0,26,6r1d/6r1d.github.io,https://github.com/6r1d/6r1d.github.io,Github.io site,JavaScript,2018-01-10T03:28:11Z,2025-02-17T09:15:08Z,2025-02-17T09:15:04Z,0,0,0,,[],130
aggregation-repository-provider,0,0,0,0,0,0,9,0,0,0,9,arlac77/aggregation-repository-provider,https://github.com/arlac77/aggregation-repository-provider,aggregates several repository providers into one,JavaScript,2018-01-13T14:21:15Z,2025-03-17T17:33:47Z,2025-03-17T17:33:43Z,1,0,0,BSD Zero Clause License,[],37
AHIA,0,0,0,0,0,1,98,1,0,1,99,maximelenormand/AHIA,https://github.com/maximelenormand/AHIA,Visualizing multiscale socio-ecological interactions using Flickr data,JavaScript,2018-01-29T10:17:19Z,2025-02-26T10:22:01Z,2025-02-26T10:21:57Z,0,0,0,GNU General Public License v3.0,[],553
alfaromontufar.github.io,0,0,0,0,0,28,69,3,0,35,65,alfaromontufar/alfaromontufar.github.io,https://github.com/alfaromontufar/alfaromontufar.github.io,,JavaScript,2018-01-04T11:17:53Z,2025-02-24T11:16:57Z,2025-02-24T11:16:53Z,0,0,0,,[],556
altcoin-charter,54,151,124,3,332,52,36,1,1,4,85,LoTerence/altcoin-charter,https://github.com/LoTerence/altcoin-charter,Charts the value of crypto currencies chosen by an authenticated user.  Built with MERN stack,JavaScript,2018-01-16T05:01:47Z,2025-03-03T03:42:33Z,2025-03-03T03:42:27Z,0,0,0,MIT License,[],434
angular-devkit-core-builds,0,0,0,0,0,25,63,12,0,0,100,angular/angular-devkit-core-builds,https://github.com/angular/angular-devkit-core-builds,Snapshots for @angular-devkit/core,JavaScript,2018-01-25T21:44:11Z,2025-03-17T16:35:32Z,2025-03-17T16:35:30Z,6,4,0,MIT License,[],870
angular-devkit-schematics-cli-builds,0,0,0,0,0,6,6,0,0,0,12,angular/angular-devkit-schematics-cli-builds,https://github.com/angular/angular-devkit-schematics-cli-builds,Build artifacts for @angular-devkit/schematics-cli,JavaScript,2018-01-30T23:07:54Z,2025-03-17T16:35:39Z,2025-03-17T16:35:36Z,2,4,0,MIT License,[],90
api_automation_test,24,112,101,3,240,4,43,51,2,1,97,githublitao/api_automation_test,https://github.com/githublitao/api_automation_test,Êé•Âè£Ëá™Âä®ÂåñÊµãËØïÂπ≥Âè∞ÔºàËÄÅÂπ≥Âè∞ÁßªÊ≠•master_oldÂàÜÊîØÔºâ,JavaScript,2018-01-10T10:35:27Z,2025-03-17T15:53:26Z,2025-03-17T08:25:05Z,1599,856,9,MIT License,"['apitest', 'django', 'python3', 'requests', 'vue']",2013
asl-public-api,10,76,54,2,142,5,13,18,0,0,36,UKHomeOffice/asl-public-api,https://github.com/UKHomeOffice/asl-public-api,"API server providing access to licence and user data. Exposes a public API for external systems and users, allowing integration with ASPeL's functionalities and data through authenticated access.",JavaScript,2018-01-26T10:56:41Z,2025-03-12T09:16:37Z,2025-03-12T09:16:35Z,0,1,0,MIT License,[],447
asl-service,9,80,51,2,142,33,10,8,0,2,49,UKHomeOffice/asl-service,https://github.com/UKHomeOffice/asl-service,"Module for rapid bootstrapping of an express app for a Home Office design system themed, react-based ui or api with logging, authentication and session handling configured as appropriate.",JavaScript,2018-01-25T14:38:05Z,2025-03-11T10:49:22Z,2025-03-11T11:22:34Z,0,2,0,MIT License,[],392
BatGenV2,0,0,0,0,0,1,96,3,0,2,98,Sophobiaful/BatGenV2,https://github.com/Sophobiaful/BatGenV2,A new version of my BatGen website. Hopefully using javascript frameworks for templating and backend. Will not be using PHP in this one.,JavaScript,2018-01-22T18:38:57Z,2025-02-12T01:29:57Z,2025-02-12T01:29:53Z,0,0,0,MIT License,[],633
Battle-City,0,0,1,0,1,0,100,0,0,17,83,console0326/Battle-City,https://github.com/console0326/Battle-City,,JavaScript,2018-01-26T06:59:47Z,2025-02-12T09:07:14Z,2025-02-12T09:07:10Z,0,0,0,,[],424
battle-pong,0,0,0,0,0,7,9,2,0,4,14,berkerol/battle-pong,https://github.com/berkerol/battle-pong,Remake of the classic game with rockets and different game types,JavaScript,2018-01-06T19:42:58Z,2025-03-03T18:43:06Z,2025-03-03T18:43:02Z,0,0,0,GNU General Public License v3.0,"['hacktoberfest', 'pong', 'pong-game', 'pong-js']",95
beeline-nodejs,16,64,41,2,123,18,17,24,0,2,57,honeycombio/beeline-nodejs,https://github.com/honeycombio/beeline-nodejs,Legacy instrumentation for node.js applications with Honeycomb,JavaScript,2018-01-21T03:32:10Z,2025-02-11T19:59:20Z,2025-02-11T19:59:19Z,54,57,8,Apache License 2.0,[],646
bio,26,56,42,2,126,4,96,0,0,11,89,zhouchengkho/bio,https://github.com/zhouchengkho/bio,"bio website using express, check it out:)",JavaScript,2018-01-13T21:05:22Z,2025-02-14T05:24:09Z,2025-02-14T05:24:05Z,0,0,0,,[],454
Blocks-N-Head,0,0,0,0,0,2,96,2,0,3,97,mr-ravin/Blocks-N-Head,https://github.com/mr-ravin/Blocks-N-Head,Blocks 'N' Head is an open-source game where the objective is to help the character avoid falling blocks.,JavaScript,2018-01-31T06:10:46Z,2025-02-25T14:03:05Z,2025-02-25T14:01:49Z,0,0,0,Other,"['game-development', 'godot', 'godot-game', 'indie-game', 'indie-game-dev', 'opensource-game']",769
blocks-script,0,0,0,0,0,6,91,3,0,0,100,pixilab/blocks-script,https://github.com/pixilab/blocks-script,"Scripting support for use with PIXILAB Blocks¬Æ, including custom device drivers.",JavaScript,2018-01-03T16:56:32Z,2025-02-26T14:38:15Z,2025-02-26T14:38:12Z,10,13,0,Other,[],525
bootcamp-manager,44,122,113,6,285,46,52,2,0,9,91,mkdinh/bootcamp-manager,https://github.com/mkdinh/bootcamp-manager,,JavaScript,2018-01-15T21:40:55Z,2025-02-12T19:41:15Z,2025-02-12T19:41:11Z,1,0,25,,[],516
bugsnag-build-reporter-node,8,27,24,1,60,0,7,0,0,3,4,bugsnag/bugsnag-build-reporter-node,https://github.com/bugsnag/bugsnag-build-reporter-node,A tool for reporting your application's builds to BugSnag,JavaScript,2018-01-04T16:34:18Z,2025-03-17T13:59:58Z,2025-03-17T13:59:53Z,5,4,3,MIT License,"['bugsnag', 'platforms']",50
bundler,0,0,0,0,0,0,14,2,0,0,16,nuintun/bundler,https://github.com/nuintun/bundler,An async file dependency bundle parser,JavaScript,2018-01-25T04:06:52Z,2025-03-03T02:44:47Z,2025-03-03T02:44:43Z,1,0,0,MIT License,[],64
calculator,0,0,0,0,0,1,6,3,0,1,9,ntjnh/calculator,https://github.com/ntjnh/calculator,A calculator built with JavaScript!,JavaScript,2018-01-06T00:31:28Z,2025-03-07T09:44:15Z,2025-03-09T22:48:26Z,1,0,0,,[],67
calendar_weekly,0,0,0,0,0,5,92,3,0,0,100,jbrodie/calendar_weekly,https://github.com/jbrodie/calendar_weekly,Magic Mirror Weekly Calendar Module.,JavaScript,2018-01-13T19:20:38Z,2025-03-09T17:57:01Z,2025-03-09T17:56:57Z,1,0,2,MIT License,[],599
canboatjs,0,0,0,0,0,2,92,6,0,0,100,canboat/canboatjs,https://github.com/canboat/canboatjs,Native javascript NMEA 2000 decoder and encoder,JavaScript,2018-01-24T07:22:10Z,2025-03-12T14:31:27Z,2025-03-11T04:26:59Z,100,43,8,Apache License 2.0,[],671
ccd97.github.io,0,0,0,0,0,0,46,2,0,5,43,ccd97/ccd97.github.io,https://github.com/ccd97/ccd97.github.io,My portfolio and resume,JavaScript,2018-01-03T16:10:09Z,2025-03-04T09:35:18Z,2025-03-04T09:35:15Z,0,0,0,,"['portfolio-website', 'resume-website', 'semantic-ui']",170
cfn-execute-change-set,7,27,16,2,52,3,3,0,0,0,6,sjakthol/cfn-execute-change-set,https://github.com/sjakthol/cfn-execute-change-set,A command line tool for reviewing and executing AWS CloudFormation change sets,JavaScript,2018-01-21T13:34:58Z,2025-03-12T01:16:23Z,2025-03-10T15:45:28Z,3,1,0,MIT License,"['aws', 'cloudformation']",20
cfn-schema,11,49,37,1,98,0,3,0,0,2,1,y13i/cfn-schema,https://github.com/y13i/cfn-schema,JSON Schema for AWS CloudFormation templates.,JavaScript,2018-01-28T04:52:37Z,2025-02-14T03:51:52Z,2025-03-12T11:29:54Z,10,1,7,MIT License,"['aws', 'cloudformation', 'json-schema']",25
ChangWinde.github.io,0,0,0,0,0,0,100,0,0,45,55,ChangWinde/ChangWinde.github.io,https://github.com/ChangWinde/ChangWinde.github.io,My blog,JavaScript,2018-01-28T12:42:55Z,2025-03-08T10:41:42Z,2025-03-08T10:41:36Z,2,0,0,,[],437
client,0,0,0,0,0,4,95,1,0,4,96,pageboard/client,https://github.com/pageboard/client,Web site building system - client packages,JavaScript,2018-01-08T09:12:42Z,2025-02-11T10:46:43Z,2025-02-11T10:46:39Z,4,0,137,MIT License,[],477
CommandQueue,0,0,0,0,0,0,1,0,0,0,1,SQLCODE917/CommandQueue,https://github.com/SQLCODE917/CommandQueue,,JavaScript,2018-01-19T20:35:40Z,2025-03-06T22:18:50Z,2025-03-06T22:18:47Z,0,0,0,,[],5
Connective-Lex.info,0,0,0,0,0,15,74,11,0,3,97,discourse-lab/Connective-Lex.info,https://github.com/discourse-lab/Connective-Lex.info,A web app for a multilingual connective database.,JavaScript,2018-01-27T21:18:23Z,2025-02-17T10:35:35Z,2025-02-17T10:35:31Z,2,2,0,,[],584
Dabih,20,38,50,3,111,2,13,1,0,3,12,ShowingCloud/Dabih,https://github.com/ShowingCloud/Dabih,Single Sign-On System for Showing Cloud Projects,JavaScript,2018-01-12T04:26:42Z,2025-02-14T17:54:08Z,2025-02-14T17:54:11Z,0,2,0,MIT License,[],108
dan-mba.github.io,22,118,85,2,227,26,74,0,0,5,95,dan-mba/dan-mba.github.io,https://github.com/dan-mba/dan-mba.github.io,Portfolio website,JavaScript,2018-01-29T15:32:59Z,2025-03-14T11:36:21Z,2025-03-14T11:37:23Z,4,0,0,,"['gatsby', 'graphql', 'javascript', 'material-ui', 'nodejs', 'playwright', 'react']",480
dashboard,38,151,118,4,311,22,41,37,0,4,96,gardener/dashboard,https://github.com/gardener/dashboard,Web-based GUI for Gardener installations.,JavaScript,2018-01-23T13:43:58Z,2025-03-17T10:25:40Z,2025-03-17T19:07:56Z,208,110,96,Apache License 2.0,[],968
data-sources-parser,0,0,0,0,0,2,3,1,0,0,6,movableink/data-sources-parser,https://github.com/movableink/data-sources-parser,A library for normalizing the links and urls in a fetched html resource,JavaScript,2018-01-26T20:32:28Z,2025-03-06T23:15:49Z,2025-03-06T23:15:48Z,0,0,0,,[],63
dd-trace-js,0,0,0,0,0,0,42,58,0,3,97,DataDog/dd-trace-js,https://github.com/DataDog/dd-trace-js,Datadog APM client for Node.js,JavaScript,2018-01-17T18:40:03Z,2025-03-14T15:56:12Z,2025-03-17T17:48:20Z,684,321,305,Other,"['apm', 'datadog', 'javascript', 'nodejs', 'opentracing', 'tracing']",1233
denmarkg.github.io,0,0,0,0,0,14,86,0,0,15,85,DenmarkG/denmarkg.github.io,https://github.com/DenmarkG/denmarkg.github.io,Personal Portfolio,JavaScript,2018-01-29T03:25:19Z,2025-03-06T16:22:36Z,2025-03-06T16:22:32Z,1,0,0,,[],892
DevAV,0,0,0,0,0,0,100,0,0,92,8,ervin210/DevAV,https://github.com/ervin210/DevAV,,JavaScript,2018-01-03T21:47:58Z,2025-03-17T10:25:12Z,2025-03-17T10:24:13Z,0,0,33,MIT License,[],100
DhananjayGupta300.github.io,0,0,0,0,0,20,79,1,0,15,85,DhananjayGupta300/DhananjayGupta300.github.io,https://github.com/DhananjayGupta300/DhananjayGupta300.github.io,My-Home-Page,JavaScript,2018-01-02T02:27:03Z,2025-02-18T03:10:01Z,2025-02-18T03:09:59Z,2,0,3,MIT License,[],487
dhjz.github.io,0,0,0,0,0,25,75,0,0,20,80,dhjz/dhjz.github.io,https://github.com/dhjz/dhjz.github.io,"Ëá™ÂÆö‰πâ‰π¶Á≠æÁÆ°ÁêÜÂ∑•ÂÖ∑, ÂèÇËÄÉ‰∫ÜinfinityÊ†áÁ≠æ, ÊîØÊåÅÈÖçÁΩÆ‰∏ä‰º†‰∏ãËΩΩ, ÊîØÊåÅÈÖçÁΩÆ‰∫ëÂêåÊ≠•, ÂèåÊêúÁ¥¢ÂºïÊìé, ÊúâÂΩïÂ±èÂ∞èÂ∑•ÂÖ∑",JavaScript,2018-01-10T01:55:07Z,2025-02-26T00:40:36Z,2025-02-26T00:40:32Z,1,0,0,,"['bookmark', 'cloud-setting', 'infinity', 'screen-recording']",295
dicomviewer,0,0,0,0,0,25,66,9,0,10,90,ayselafsar/dicomviewer,https://github.com/ayselafsar/dicomviewer,DICOM Viewer in Nextcloud,JavaScript,2018-01-30T12:45:43Z,2025-03-16T02:12:11Z,2025-03-16T02:12:07Z,236,53,10,GNU Affero General Public License v3.0,"['cornerstone', 'dicom', 'javascript', 'medical-imaging', 'nextcloud', 'viewer']",634
discord-encryption,0,0,0,0,0,3,42,3,0,0,48,hmerritt/discord-encryption,https://github.com/hmerritt/discord-encryption,An experimental encryption solution for Discord,JavaScript,2018-01-21T18:06:53Z,2025-03-12T11:56:13Z,2025-03-12T11:58:27Z,44,9,2,Apache License 2.0,"['aes-256', 'betterdiscord', 'discord', 'encryption', 'plugin']",296
django-auth0-vue,0,0,0,0,0,18,10,4,1,11,21,techiediaries/django-auth0-vue,https://github.com/techiediaries/django-auth0-vue,A Django REST Framework + Vue.js CRUD Demo Secured Using Auth0,JavaScript,2018-01-04T01:26:27Z,2025-03-10T20:22:28Z,2025-03-10T20:22:24Z,112,27,2,,"['auth0', 'auth0-jwt', 'axios', 'crud', 'database', 'demo', 'django', 'django-auth0-vue', 'django-rest-framework', 'jwt', 'vue']",249
django-globus-portal-framework,0,0,0,0,0,4,40,8,2,8,44,globus/django-globus-portal-framework,https://github.com/globus/django-globus-portal-framework,Collate data from Globus Search for easy discovery and transfer,JavaScript,2018-01-22T16:54:32Z,2025-02-24T19:22:59Z,2025-02-24T19:24:01Z,13,14,5,Apache License 2.0,[],289
duchuydo.github.io,0,0,0,0,0,21,79,0,0,64,36,duchuydo/duchuydo.github.io,https://github.com/duchuydo/duchuydo.github.io,,JavaScript,2018-01-15T18:17:05Z,2025-02-26T17:24:46Z,2025-02-26T17:24:43Z,0,0,0,,[],303
electerm-locales,0,0,0,0,0,1,0,0,0,0,1,electerm/electerm-locales,https://github.com/electerm/electerm-locales,Multi language files for electerm,JavaScript,2018-01-10T07:48:25Z,2025-03-11T05:54:04Z,2025-03-11T05:54:00Z,24,84,1,MIT License,"['electerm', 'language']",5
ember-bootstrap-modals-manager,27,126,93,4,250,9,5,0,0,4,10,onechiporenko/ember-bootstrap-modals-manager,https://github.com/onechiporenko/ember-bootstrap-modals-manager,Modals-manager for modals from ember-bootstrap,JavaScript,2018-01-25T14:33:37Z,2025-02-13T20:13:07Z,2025-03-17T18:59:05Z,10,9,13,MIT License,"['addon', 'bootstrap', 'ember', 'ember-bootstrap', 'modal']",64
ember-mobile-menu,0,0,0,0,0,0,4,0,0,2,2,nickschot/ember-mobile-menu,https://github.com/nickschot/ember-mobile-menu,A draggable sidebar menu for Ember,JavaScript,2018-01-29T21:45:59Z,2025-03-17T06:38:31Z,2025-03-17T18:55:03Z,34,9,24,MIT License,[],14
ember-mobile-pane,0,0,0,0,0,0,20,1,0,2,19,nickschot/ember-mobile-pane,https://github.com/nickschot/ember-mobile-pane,A gesture enabled pane addon for Ember with optional navigation & carousel enhancements.,JavaScript,2018-01-31T23:04:27Z,2025-03-03T11:27:28Z,2025-03-11T17:02:52Z,4,2,13,MIT License,[],50
emporniumuserscripts,0,0,0,0,0,2,97,1,0,1,99,ehfraim/emporniumuserscripts,https://github.com/ehfraim/emporniumuserscripts,Various browser user scripts for empornium,JavaScript,2018-01-25T15:37:51Z,2025-03-06T14:35:55Z,2025-03-06T14:35:52Z,11,1,0,,[],679
eth-crypto,0,0,0,0,0,0,16,11,0,5,22,pubkey/eth-crypto,https://github.com/pubkey/eth-crypto,Cryptographic javascript-functions for ethereum and tutorials to use them with web3js and solidity,JavaScript,2018-01-21T20:02:28Z,2025-03-11T23:24:45Z,2025-03-11T23:24:54Z,899,161,2,MIT License,"['blockchain', 'cipher', 'dapp', 'encryption', 'eth', 'ethereum', 'ethereum-identity', 'privatekey', 'publickey', 'sign', 'sign-data', 'signature', 'signtransaction', 'smart-contracts', 'solidity', 'transaction', 'truffle', 'tutorial', 'web3', 'web3js']",290
ev-church-website,32,126,97,4,259,23,31,0,0,5,49,ev-church-website/ev-church-website,https://github.com/ev-church-website/ev-church-website,,JavaScript,2018-01-14T19:53:55Z,2025-02-27T16:13:51Z,2025-02-27T16:13:48Z,1,0,0,,[],215
explorer,0,0,0,0,0,83,15,2,0,0,100,ooni/explorer,https://github.com/ooni/explorer,OONI Explorer: uncover evidence of internet censorship worldwide,JavaScript,2018-01-25T17:09:24Z,2025-03-17T16:01:00Z,2025-03-17T16:00:56Z,77,38,109,"BSD 3-Clause ""New"" or ""Revised"" License","['frontend', 'hacktoberfest', 'next-js', 'ooni', 'react-js']",451
fastify-citgm,0,0,0,0,0,0,4,0,0,0,4,fastify/fastify-citgm,https://github.com/fastify/fastify-citgm,CITGM for Fastify,JavaScript,2018-01-06T14:38:52Z,2025-03-07T19:17:43Z,2025-03-07T19:18:48Z,3,2,0,MIT License,[],17
fdk-node,4,14,12,1,31,6,2,2,0,0,10,fnproject/fdk-node,https://github.com/fnproject/fdk-node,Experimental FDK for Node.js,JavaScript,2018-01-17T19:29:33Z,2025-02-21T11:15:53Z,2025-02-21T11:15:55Z,23,12,14,Apache License 2.0,[],100
find-this-value,0,5,0,0,5,0,4,0,0,0,4,IAmAnubhavSaini/find-this-value,https://github.com/IAmAnubhavSaini/find-this-value,Find a value in a given object with programmable matching logic - node module,JavaScript,2018-01-19T19:53:55Z,2025-02-21T10:10:22Z,2025-02-21T10:10:19Z,3,2,0,MIT License,[],20
firefox-extensions,0,0,0,0,0,1,33,0,0,2,32,aenon/firefox-extensions,https://github.com/aenon/firefox-extensions,Firefox extensions and user styles,JavaScript,2018-01-04T19:00:44Z,2025-02-24T10:52:26Z,2025-02-24T08:28:58Z,4,0,2,,[],158
flespi-io-js,15,95,77,2,189,12,66,11,0,4,85,flespi-software/flespi-io-js,https://github.com/flespi-software/flespi-io-js,flespi-io-js is a library for connecting to flespi.io via http and mqtt protocols.,JavaScript,2018-01-29T08:34:49Z,2025-02-18T12:25:33Z,2025-02-18T12:26:02Z,11,6,13,MIT License,"['flespi', 'http', 'js', 'library', 'mqtt', 'mqtt-protocol']",604
fluid,0,0,0,0,0,18,68,14,0,10,90,explorable-viz/fluid,https://github.com/explorable-viz/fluid,Data-linked visualisations,JavaScript,2018-01-23T19:54:53Z,2025-03-17T12:38:56Z,2025-03-17T16:48:28Z,39,4,111,MIT License,"['data-visualization', 'dependency-analysis', 'open-science', 'program-slicing', 'provenance']",515
forte-table,0,0,0,0,0,72,28,0,0,3,97,mdefaux/forte-table,https://github.com/mdefaux/forte-table,A React table management library.,JavaScript,2018-01-28T17:33:39Z,2025-03-13T15:36:36Z,2025-03-13T15:36:31Z,2,2,2,Apache License 2.0,[],489
fosskers.ca,0,0,0,0,0,24,0,0,0,0,24,fosskers/fosskers.ca,https://github.com/fosskers/fosskers.ca,My personal site.,JavaScript,2018-01-25T04:42:34Z,2025-02-24T06:27:55Z,2025-02-24T06:27:51Z,9,3,0,"BSD 3-Clause ""New"" or ""Revised"" License","['blog', 'haskell', 'rss', 'rust']",120
fredy,0,0,0,0,0,0,4,8,0,3,9,orangecoding/fredy,https://github.com/orangecoding/fredy,":heart:  Fredy - [F]ind [R]eal [E]states [D]amn Eas[y] - Fredy will constantly search for new listings on sites like Immoscout or Immowelt and send new results to you, so that you can focus on more important things in life ;)",JavaScript,2018-01-15T07:39:00Z,2025-03-03T12:53:24Z,2025-02-23T16:15:44Z,258,66,0,MIT License,"['apartment', 'finder', 'flat', 'fredy', 'germany', 'immoscout', 'immowelt', 'mailjet', 'notification', 'realrestate', 'scraper', 'sendgrid', 'slack', 'telegram']",180
frontend,20,91,83,3,197,4,96,0,0,60,40,HeliumEdu/frontend,https://github.com/HeliumEdu/frontend,Fontend of Helium's planner application,JavaScript,2018-01-02T22:22:41Z,2025-03-13T16:46:24Z,2025-03-13T16:46:21Z,1,0,1,MIT License,"['calendar', 'docker', 'education', 'frontend', 'javascript', 'jquery', 'nodejs', 'planner', 'student', 'webpack']",165
fsttheme,0,0,0,0,0,7,42,0,0,7,42,bftv/fsttheme,https://github.com/bftv/fsttheme,,JavaScript,2018-01-12T19:00:17Z,2025-02-11T17:52:47Z,2025-02-11T17:52:43Z,0,0,0,,[],223
functional-data-grid,0,0,0,0,0,48,48,4,0,20,80,energydrink9/functional-data-grid,https://github.com/energydrink9/functional-data-grid,Data grids in functional style with React [DISCONTINUED],JavaScript,2018-01-08T14:51:36Z,2025-02-14T04:52:09Z,2025-02-14T04:51:27Z,131,13,25,MIT License,"['data-grid', 'datagrid', 'excel', 'functional-programming', 'grid', 'grouping', 'locked-columns', 'react', 'react-grid', 'reactjs', 'resizable', 'rich-data-grids', 'spreadsheet', 'variable-rows-height', 'virtual-scroll']",535
gauravagarwalr.com,45,146,108,4,303,38,4,0,0,0,42,algogrit/gauravagarwalr.com,https://github.com/algogrit/gauravagarwalr.com,Resume and Portfolio Site,JavaScript,2018-01-15T08:59:12Z,2025-03-07T06:03:08Z,2025-03-07T06:03:54Z,1,0,0,MIT License,"['portfolio', 'resume', 'skills']",205
gomoku,0,0,0,0,0,0,72,1,0,1,72,korbinZhang/gomoku,https://github.com/korbinZhang/gomoku,Five in a Row,JavaScript,2018-01-05T03:26:36Z,2025-02-15T02:03:05Z,2025-02-15T01:54:52Z,1,0,0,,[],646
graphql-dotnet.github.io,0,0,0,0,0,8,92,0,0,9,91,graphql-dotnet/graphql-dotnet.github.io,https://github.com/graphql-dotnet/graphql-dotnet.github.io,Documentation,JavaScript,2018-01-06T00:19:13Z,2025-03-08T15:25:58Z,2025-03-08T15:25:55Z,2,6,1,,[],265
group-sms,0,0,0,0,0,1,2,1,0,0,4,scott113341/group-sms,https://github.com/scott113341/group-sms,,JavaScript,2018-01-08T17:58:39Z,2025-02-13T23:17:03Z,2025-02-13T23:17:01Z,0,1,0,,[],48
grunt-simple-nyc,14,40,19,2,75,0,1,0,0,0,1,tandrewnichols/grunt-simple-nyc,https://github.com/tandrewnichols/grunt-simple-nyc,A grunt wrapper for nyc,JavaScript,2018-01-24T22:06:32Z,2025-02-22T22:16:35Z,2025-02-22T22:16:33Z,0,1,0,MIT License,[],5
hapi-pg-rest-api,15,37,19,3,74,10,53,0,0,11,52,DEFRA/hapi-pg-rest-api,https://github.com/DEFRA/hapi-pg-rest-api,Generates a REST API connected to a PostgreSQL database table for use in a HAPI application,JavaScript,2018-01-10T15:13:01Z,2025-03-11T21:53:28Z,2025-03-11T21:53:24Z,4,1,0,Other,[],352
hegyhati.github.io,0,0,0,0,0,6,26,0,0,4,28,hegyhati/hegyhati.github.io,https://github.com/hegyhati/hegyhati.github.io,,JavaScript,2018-01-30T12:34:24Z,2025-02-20T22:55:04Z,2025-02-20T22:55:00Z,0,0,0,,[],163
HeliosLauncher,12,51,46,4,113,19,59,22,0,31,69,dscalzi/HeliosLauncher,https://github.com/dscalzi/HeliosLauncher,‚òÄ Custom launcher for modded minecraft written in Electron and Node.js,JavaScript,2018-01-25T01:58:30Z,2025-03-16T05:08:43Z,2025-03-09T18:11:48Z,891,1829,39,MIT License,"['custom-minecraft-launcher', 'electron', 'fabric', 'forge', 'minecraft', 'minecraft-launcher']",735
hello-world,0,0,0,0,0,5,92,3,0,1,99,johnluffa/hello-world,https://github.com/johnluffa/hello-world,Test ,JavaScript,2018-01-15T18:17:38Z,2025-02-20T15:46:15Z,2025-02-20T15:46:11Z,1,0,0,,[],527
hexChess,0,0,0,0,0,14,85,1,0,0,100,gddickinson/hexChess,https://github.com/gddickinson/hexChess,javascript hexagonal chess board,JavaScript,2018-01-31T00:16:29Z,2025-02-25T17:58:02Z,2025-02-25T17:57:59Z,1,0,0,,[],554
highcharts-utils,16,77,53,3,149,4,93,3,0,2,98,highcharts/highcharts-utils,https://github.com/highcharts/highcharts-utils,,JavaScript,2018-01-02T13:48:42Z,2025-03-13T06:28:44Z,2025-03-13T06:28:40Z,5,9,8,,[],573
homebrew,0,2,0,0,2,0,3,0,0,0,3,TheGiddyLimit/homebrew,https://github.com/TheGiddyLimit/homebrew,Homebrew JSONs compatible with 5etools.,JavaScript,2018-01-12T09:25:52Z,2025-03-17T09:35:16Z,2025-03-16T21:17:18Z,283,618,13,,[],15
hopperrr.github.io,0,0,0,0,0,13,84,3,0,2,98,hopperrr/hopperrr.github.io,https://github.com/hopperrr/hopperrr.github.io,,JavaScript,2018-01-19T22:14:37Z,2025-02-20T23:26:16Z,2025-02-20T23:26:13Z,0,0,1,Other,[],613
hosea,0,0,0,0,0,4,90,6,0,6,94,vielhuber/hosea,https://github.com/vielhuber/hosea,‚òï The personal assistant. ‚òï,JavaScript,2018-01-27T21:38:11Z,2025-02-19T16:18:30Z,2025-02-19T16:18:28Z,1,0,0,,"['javascript', 'scheduler', 'tickets']",656
hosted-fields-sdk,8,36,24,3,71,0,25,1,0,0,25,devcode-git/hosted-fields-sdk,https://github.com/devcode-git/hosted-fields-sdk,,JavaScript,2018-01-26T10:07:08Z,2025-02-25T15:30:33Z,2025-03-07T15:46:13Z,3,4,3,,[],146
hotballoon,0,0,0,0,0,2,66,6,0,13,61,flexiooss/hotballoon,https://github.com/flexiooss/hotballoon,Small JavaScript library for building interfaces,JavaScript,2018-01-17T09:53:09Z,2025-03-06T10:23:32Z,2025-03-16T19:21:21Z,3,0,10,Apache License 2.0,"['frontend', 'hotballoon', 'javascript']",366
html_to_md,0,0,0,0,0,3,26,1,0,5,25,JaninaWibker/html_to_md,https://github.com/JaninaWibker/html_to_md,,JavaScript,2018-01-14T21:04:16Z,2025-03-14T17:17:08Z,2025-03-14T17:17:05Z,0,0,2,MIT License,[],98
Huebot,0,0,0,0,0,5,22,7,0,4,30,Merkoba/Huebot,https://github.com/Merkoba/Huebot,Bot companion for Hue,JavaScript,2018-01-30T22:33:01Z,2025-02-10T20:17:25Z,2025-02-10T20:17:22Z,0,0,0,MIT License,[],421
id-auth,0,0,0,0,0,1,95,4,0,1,99,citizenos/id-auth,https://github.com/citizenos/id-auth,Service for authenticating with Estonian ID-card (https://www.id.ee/index.php?id=30470),JavaScript,2018-01-17T11:43:46Z,2025-02-28T16:11:28Z,2025-02-28T16:11:25Z,0,0,1,Other,[],535
idsia-robotics.github.io,0,0,0,0,0,6,91,3,0,1,99,idsia-robotics/idsia-robotics.github.io,https://github.com/idsia-robotics/idsia-robotics.github.io,Official page of Autonomous Robotics Lab @ IDSIA USI-SUPSI,JavaScript,2018-01-22T14:26:28Z,2025-02-21T09:44:43Z,2025-02-21T09:44:40Z,4,0,0,,[],727
jamestim9215.github.io,0,0,0,0,0,8,92,0,0,0,100,jamestim9215/jamestim9215.github.io,https://github.com/jamestim9215/jamestim9215.github.io,,JavaScript,2018-01-29T05:17:39Z,2025-03-04T08:39:59Z,2025-03-04T08:39:55Z,1,0,42,,[],560
JavaScriptGrunnkurs,0,0,0,0,0,8,89,1,2,8,90,ITFakultetet/JavaScriptGrunnkurs,https://github.com/ITFakultetet/JavaScriptGrunnkurs,Eksempel-filer til JavaScript Grunnkurs,JavaScript,2018-01-05T21:49:31Z,2025-03-06T11:31:19Z,2025-03-06T11:31:15Z,0,0,9,,[],564
jquery-ui,0,0,0,0,0,1,99,0,0,31,69,moshang-ax/jquery-ui,https://github.com/moshang-ax/jquery-ui,jQuery FormË°®ÂçïÁªÑ‰ª∂Â∫ì,JavaScript,2018-01-10T02:08:29Z,2025-03-02T03:25:10Z,2025-03-02T03:25:06Z,2,1,0,,"['jquery', 'jquery-components', 'jquery-library', 'jquery-ui']",572
jquery.autoSizes,0,0,0,0,0,0,16,1,0,1,16,bryanbuchanan/jquery.autoSizes,https://github.com/bryanbuchanan/jquery.autoSizes,,JavaScript,2018-01-24T18:58:23Z,2025-02-18T07:57:08Z,2025-02-18T07:57:04Z,0,0,0,MIT License,[],109
jvorob.github.io,0,0,0,0,0,13,86,1,0,3,97,jvorob/jvorob.github.io,https://github.com/jvorob/jvorob.github.io,Personal Website,JavaScript,2018-01-22T19:57:51Z,2025-03-09T21:22:01Z,2025-03-09T21:21:57Z,0,0,0,MIT License,[],701
JZZ-input-Kbd,0,0,0,0,0,4,94,2,0,0,100,jazz-soft/JZZ-input-Kbd,https://github.com/jazz-soft/JZZ-input-Kbd,Virtual piano controls for your MIDI projects,JavaScript,2018-01-23T05:21:06Z,2025-03-13T02:00:19Z,2025-03-13T02:00:15Z,10,1,2,,"['midi', 'web-midi', 'web-midi-api', 'webmidi', 'webmidiapi']",566
karma-child-process,0,0,0,0,0,0,6,0,0,0,6,TNG/karma-child-process,https://github.com/TNG/karma-child-process,,JavaScript,2018-01-29T11:52:16Z,2025-02-19T21:17:59Z,2025-02-19T21:17:55Z,2,1,0,Apache License 2.0,[],30
kis-jsdoc-plugin,4,25,13,1,43,0,19,0,0,4,15,kisssdev/kis-jsdoc-plugin,https://github.com/kisssdev/kis-jsdoc-plugin,A jsdoc plugin associated with a custom template that generates markdown documentation in a 'Keep It Simple' way.,JavaScript,2018-01-14T16:47:54Z,2025-03-16T10:36:53Z,2025-03-16T10:36:50Z,1,1,0,MIT License,[],95
koha-plugin-cloudlibrary,9,27,22,1,59,14,83,3,0,1,99,bywatersolutions/koha-plugin-cloudlibrary,https://github.com/bywatersolutions/koha-plugin-cloudlibrary,,JavaScript,2018-01-09T12:16:17Z,2025-02-19T21:23:42Z,2025-02-19T21:30:58Z,0,2,15,GNU General Public License v3.0,[],634
laravel-mail-viewer,31,109,110,4,254,15,13,0,0,4,24,MasterRO94/laravel-mail-viewer,https://github.com/MasterRO94/laravel-mail-viewer,Easily log and view in browser outgoing emails.,JavaScript,2018-01-12T14:12:23Z,2025-02-24T21:39:30Z,2025-02-27T23:22:06Z,61,12,0,MIT License,[],62
larvitbase-www,11,25,17,1,54,1,2,1,0,0,4,larvit/larvitbase-www,https://github.com/larvit/larvitbase-www,,JavaScript,2018-01-16T19:58:49Z,2025-03-10T18:45:12Z,2025-03-11T13:00:23Z,0,3,3,ISC License,[],22
launch-editor,0,0,0,0,0,4,2,1,0,0,7,yyx990803/launch-editor,https://github.com/yyx990803/launch-editor,Open file in editor from Node.js.,JavaScript,2018-01-06T18:08:42Z,2025-03-16T15:40:27Z,2025-02-17T15:09:42Z,621,69,9,MIT License,[],45
learn-web,0,0,0,0,0,10,90,0,0,13,87,dobernike/learn-web,https://github.com/dobernike/learn-web,learn to be a fullstack developer,JavaScript,2018-01-16T13:36:44Z,2025-03-01T03:05:02Z,2025-03-01T03:04:58Z,8,4,189,,[],405
LearningSystem,0,0,0,0,0,0,100,0,0,5,95,weishakeji/LearningSystem,https://github.com/weishakeji/LearningSystem,ÂâçÂêéÁ´ØÂàÜÁ¶ªÔºàMVVMÊû∂ÊûÑÔºâÔºåC#„ÄÅSqlserver„ÄÅVue„ÄÇwebÁ´ØÈááÁî®ElementUIÔºåÊâãÊú∫Á´ØÈááÁî®VantUIÔºåÁÆ°ÁêÜÂêéÂè∞ÈááÁî®WebdeskUI„ÄÇÁõ¥Êí≠„ÄÅËßÜÈ¢ëÂ≠¶‰π†„ÄÅËØïÈ¢òÁªÉ‰π†„ÄÅÊµãËØï„ÄÅËÄÉËØï„ÄÅÂ≠¶‰π†ËØÅÊòé„ÄÅÊàêÁª©ÊâìÂç∞ÔºåÁúüÊ≠£ÂÆûÁé∞‚ÄúÂ≠¶„ÄÅÁªÉ„ÄÅËÄÉ‚Äù‰∏Ä‰Ωì„ÄÇÂæÆ‰ø°ÊîØÊåÅ„ÄÅÊîØ‰ªòÂÆùÊîØ‰ªò„ÄÇÁßÅÊúâÂåñÈÉ®ÁΩ≤ÔºåÊ∞∏‰πÖÊéàÊùÉÔºåÁªàË∫´‰∫´Áî®„ÄÇÂÆâË£ÖÈáèË∂Ö‰∏â‰∏áÂÆ∂„ÄÇ,JavaScript,2018-01-31T15:11:48Z,2025-03-12T08:13:30Z,2025-03-05T14:02:49Z,310,178,10,Other,"['examination', 'live', 'online-education-learning', 'questions']",189
lkft-website,0,0,0,0,0,3,28,1,0,1,31,Linaro/lkft-website,https://github.com/Linaro/lkft-website,Linaro's Linux Kernel Functional Testing Website,JavaScript,2018-01-11T14:40:29Z,2025-02-13T10:15:49Z,2025-02-13T10:15:45Z,3,18,1,,[],175
login.dfe.audit.winston-sequelize-transport,15,51,30,2,98,3,5,0,0,0,8,DFE-Digital/login.dfe.audit.winston-sequelize-transport,https://github.com/DFE-Digital/login.dfe.audit.winston-sequelize-transport,,JavaScript,2018-01-29T14:54:42Z,2025-03-12T15:42:07Z,2025-03-12T15:43:53Z,0,1,0,MIT License,[],26
login.dfe.saml-assertions,24,78,63,2,167,3,5,2,1,0,10,DFE-Digital/login.dfe.saml-assertions,https://github.com/DFE-Digital/login.dfe.saml-assertions,,JavaScript,2018-01-04T10:10:53Z,2025-03-12T08:18:29Z,2025-03-12T08:18:27Z,0,2,0,MIT License,[],107
login.dfe.support,24,87,67,3,181,45,39,16,0,2,98,DFE-Digital/login.dfe.support,https://github.com/DFE-Digital/login.dfe.support,Application for support staff to service user requests,JavaScript,2018-01-11T09:43:12Z,2025-03-17T14:51:26Z,2025-03-17T17:34:56Z,4,2,4,MIT License,[],673
main,0,0,2,0,2,27,73,0,0,46,54,kunisatoLab/main,https://github.com/kunisatoLab/main,,JavaScript,2018-01-03T14:18:42Z,2025-02-21T22:00:09Z,2025-02-21T22:00:03Z,2,0,0,,[],298
manage-key-workers,0,0,0,0,0,22,44,34,0,3,97,ministryofjustice/manage-key-workers,https://github.com/ministryofjustice/manage-key-workers,A spring boot app to manage keyworkers,JavaScript,2018-01-23T08:50:21Z,2025-02-26T13:59:40Z,2025-03-11T18:31:22Z,2,1,16,MIT License,['hmpps'],994
maproulette3,0,0,0,0,0,88,11,1,0,5,95,maproulette/maproulette3,https://github.com/maproulette/maproulette3,"MapRoulette, the micro-tasking tool for OpenStreetMap",JavaScript,2018-01-17T20:51:55Z,2025-03-17T00:17:02Z,2025-03-17T18:12:11Z,145,37,118,MIT License,"['maproulette', 'openstreetmap']",508
materialdesignweb,19,94,78,2,193,24,62,14,0,3,97,clshortfuse/materialdesignweb,https://github.com/clshortfuse/materialdesignweb,Material Design for Web,JavaScript,2018-01-20T20:40:21Z,2025-02-25T20:46:08Z,2025-02-25T20:46:04Z,40,6,3,ISC License,"['css', 'design', 'material']",931
mathemat-lab,0,1,3,0,4,0,10,0,0,0,10,nathmahale/mathemat-lab,https://github.com/nathmahale/mathemat-lab,Sample nodejs app for calculator,JavaScript,2018-01-20T05:20:06Z,2025-02-15T11:55:33Z,2025-03-10T20:35:01Z,0,0,4,MIT License,"['cypress', 'docker', 'expressjs', 'jenkins', 'mathematics', 'mocha', 'nodejs', 'superagent', 'webpack']",50
maybe2020.github.io,0,0,0,0,0,19,74,7,0,14,86,maybe2020/maybe2020.github.io,https://github.com/maybe2020/maybe2020.github.io,,JavaScript,2018-01-04T05:15:12Z,2025-03-06T05:36:37Z,2025-03-06T05:36:34Z,0,0,3,,[],587
mb-portfolio,0,0,0,0,0,12,88,0,0,3,97,marisabivi/mb-portfolio,https://github.com/marisabivi/mb-portfolio,,JavaScript,2018-01-07T19:24:39Z,2025-03-06T20:34:09Z,2025-03-06T20:34:05Z,1,0,0,,[],491
Minesweeper-React,0,0,0,0,0,28,71,1,0,49,51,RoseLV/Minesweeper-React,https://github.com/RoseLV/Minesweeper-React,,JavaScript,2018-01-26T00:11:16Z,2025-02-23T20:38:29Z,2025-02-23T20:38:25Z,1,0,21,,[],428
mini_startpage,0,0,0,0,0,6,35,0,0,9,32,J-CITY/mini_startpage,https://github.com/J-CITY/mini_startpage,Simple startpage,JavaScript,2018-01-25T08:08:00Z,2025-03-02T10:38:22Z,2025-03-01T08:33:35Z,2,0,0,,"['html', 'js', 'minimal', 'startpage']",185
miroshkin.github.io,16,77,57,3,153,3,67,0,0,16,54,miroshkin/miroshkin.github.io,https://github.com/miroshkin/miroshkin.github.io,Miroshkin Anton - Full stack developer - Site,JavaScript,2018-01-26T14:20:51Z,2025-03-16T11:06:42Z,2025-03-16T11:06:39Z,0,0,10,MIT License,[],264
moodle-tool_opencast,0,0,0,0,0,11,7,6,0,0,24,Opencast-Moodle/moodle-tool_opencast,https://github.com/Opencast-Moodle/moodle-tool_opencast,Moodle plugin which provides API functions as well as general settings for all Opencast plugins for Moodle and which is required by them.,JavaScript,2018-01-30T13:15:08Z,2025-02-27T11:39:13Z,2025-02-27T01:31:19Z,15,10,12,Other,"['hacktoberfest', 'moodle', 'moodle-plugin', 'moodle-tool', 'opencast']",104
MPMBs,0,0,0,0,0,3,97,0,0,3,97,NodHero/MPMBs,https://github.com/NodHero/MPMBs,Collection of codes (my own and others) for the MPMB character sheet (for Dungeons and Dragons 5e),JavaScript,2018-01-23T01:27:33Z,2025-02-10T21:27:12Z,2025-02-10T21:27:07Z,8,4,0,,[],1026
msdos-editor,0,0,0,0,0,6,92,2,0,6,94,IonicaBizau/msdos-editor,https://github.com/IonicaBizau/msdos-editor,:tv: An MS-DOS like editor in your browser.,JavaScript,2018-01-17T10:51:59Z,2025-02-13T23:26:48Z,2025-02-13T23:26:48Z,23,1,1,MIT License,['hacktoberfest'],467
Nashira,13,31,29,2,75,1,5,0,0,2,4,ShowingCloud/Nashira,https://github.com/ShowingCloud/Nashira,Showing Cloud Account System,JavaScript,2018-01-12T04:27:59Z,2025-02-14T17:54:46Z,2025-02-14T17:54:47Z,1,1,0,MIT License,[],27
nebrasketball,0,0,0,0,0,1,25,1,0,3,24,bvankat/nebrasketball,https://github.com/bvankat/nebrasketball,Tracking tournament odds for the Nebraska basketball team,JavaScript,2018-01-22T06:34:44Z,2025-03-13T17:37:14Z,2025-03-13T17:37:10Z,5,1,8,,[],92
nikuman,0,0,0,0,0,0,6,0,0,1,5,jaxx2104/nikuman,https://github.com/jaxx2104/nikuman,Nuxt.js + Firebase / Firestore  :muscle:,JavaScript,2018-01-04T14:33:06Z,2025-02-28T18:30:53Z,2025-03-12T16:01:21Z,5,2,10,,[],30
node-edfsm,15,51,30,1,97,1,3,0,0,0,4,jue89/node-edfsm,https://github.com/jue89/node-edfsm,Event-driven Finite State Machine,JavaScript,2018-01-24T00:57:26Z,2025-03-06T20:53:14Z,2025-03-06T20:53:24Z,0,0,1,MIT License,[],20
node-mqttsngw-mqttbroker,13,53,35,1,102,3,2,0,0,0,5,jue89/node-mqttsngw-mqttbroker,https://github.com/jue89/node-mqttsngw-mqttbroker,MQTT-SN Gateway: Connection to MQTT Broker,JavaScript,2018-01-28T22:12:16Z,2025-02-25T14:21:46Z,2025-02-25T14:21:57Z,1,3,5,MIT License,[],15
node-red-contrib-evohome,1,18,10,1,30,1,2,2,0,0,5,codeaholics/node-red-contrib-evohome,https://github.com/codeaholics/node-red-contrib-evohome,Honeywell Evohome integration for NodeRED,JavaScript,2018-01-30T22:30:31Z,2025-03-16T19:53:20Z,2025-03-16T19:53:17Z,2,1,14,,[],45
nodekb,11,14,27,0,52,0,13,0,0,1,12,belachkar/nodekb,https://github.com/belachkar/nodekb,Node Knowledge Base,JavaScript,2018-01-05T12:53:59Z,2025-02-11T13:52:00Z,2025-02-11T13:52:03Z,2,0,0,,[],46
nono-sam,0,0,0,0,0,0,3,1,0,0,4,10thfloor/nono-sam,https://github.com/10thfloor/nono-sam,"Demo of HTML Component class, using State -> Action -> Model pattern.",JavaScript,2018-01-16T16:20:14Z,2025-02-14T20:58:48Z,2025-02-14T20:58:45Z,2,0,0,,[],12
nosso_amigo_secreto,0,0,0,0,0,6,94,0,0,43,57,RenatoDaSilva/nosso_amigo_secreto,https://github.com/RenatoDaSilva/nosso_amigo_secreto,,JavaScript,2018-01-24T01:05:20Z,2025-03-12T12:07:36Z,2025-03-12T12:07:34Z,0,0,0,,[],178
notifications-slack,0,0,0,0,0,0,0,1,0,0,1,screwdriver-cd/notifications-slack,https://github.com/screwdriver-cd/notifications-slack,Plugin to send Screwdriver build notifications,JavaScript,2018-01-12T17:48:10Z,2025-02-20T17:43:31Z,2025-02-20T17:45:16Z,2,3,0,Other,[],20
oasis.cbd.int,0,0,0,0,0,12,79,9,0,5,95,scbd/oasis.cbd.int,https://github.com/scbd/oasis.cbd.int,,JavaScript,2018-01-15T15:09:41Z,2025-03-13T20:29:52Z,2025-03-13T20:30:08Z,0,0,0,MIT License,[],677
OldTimeHockey,0,0,1,0,1,56,42,2,0,12,88,sprx97/OldTimeHockey,https://github.com/sprx97/OldTimeHockey,Website and scripts for OldTimeHockey fantasy hockey league.,JavaScript,2018-01-13T07:38:54Z,2025-03-14T01:45:39Z,2025-03-14T01:45:42Z,3,5,22,,[],455
orgajs,0,0,0,0,0,49,50,1,0,7,93,orgapp/orgajs,https://github.com/orgapp/orgajs,parse org-mode content into AST,JavaScript,2018-01-19T08:28:46Z,2025-03-06T07:37:28Z,2025-03-02T20:26:55Z,627,61,62,MIT License,"['ast', 'gatsbyjs', 'javascript', 'org-mode', 'unified']",415
Otee,0,0,0,0,0,1,43,1,0,3,42,thathurtabit/Otee,https://github.com/thathurtabit/Otee,"Otee - Dodge, Deceive, Don't Die.",JavaScript,2018-01-27T11:36:01Z,2025-02-25T14:42:00Z,2025-02-25T14:42:34Z,1,0,0,MIT License,[],220
passing-notes,0,0,0,0,0,1,4,1,0,0,6,vinsonchuong/passing-notes,https://github.com/vinsonchuong/passing-notes,Workflows for transfering data between frontend and backend,JavaScript,2018-01-17T05:11:28Z,2025-02-14T18:09:00Z,2025-02-14T18:09:03Z,3,0,6,MIT License,[],40
passport,0,0,0,0,0,15,7,11,0,4,29,ecomplus/passport,https://github.com/ecomplus/passport,E-Com Plus service for customer login and signup with Passportjs,JavaScript,2018-01-09T17:21:48Z,2025-02-27T04:55:58Z,2025-02-27T04:55:54Z,0,2,1,GNU General Public License v3.0,[],304
personal_website,0,0,0,0,0,0,13,0,0,2,11,tekindermisel/personal_website,https://github.com/tekindermisel/personal_website,Personal website powered by Hugo.js,JavaScript,2018-01-01T20:47:15Z,2025-02-28T20:34:44Z,2025-02-28T20:34:39Z,0,0,0,,[],27
Pool,0,0,0,0,0,0,1,0,0,0,1,HowProgrammingWorks/Pool,https://github.com/HowProgrammingWorks/Pool,Object Pool,JavaScript,2018-01-05T20:52:47Z,2025-03-08T21:33:04Z,2025-03-08T21:33:01Z,8,10,1,MIT License,"['object-pool', 'pattern', 'pool']",5
portal,0,0,0,0,0,63,29,8,0,4,96,nci-hcmi-catalog/portal,https://github.com/nci-hcmi-catalog/portal,HCMI Searchable Catalog Portal ,JavaScript,2018-01-03T16:42:37Z,2025-02-21T18:07:11Z,2025-03-17T14:42:35Z,7,2,30,"BSD 3-Clause ""New"" or ""Revised"" License",['hacktoberfest'],592
portfolio,0,0,0,0,0,32,66,2,0,10,90,SammyTeas/portfolio,https://github.com/SammyTeas/portfolio,,JavaScript,2018-01-26T05:39:04Z,2025-02-13T18:37:01Z,2025-02-13T18:36:57Z,0,0,0,,[],519
prepply,0,0,0,0,0,6,38,0,0,1,43,breedx2/prepply,https://github.com/breedx2/prepply,Static website generator in node.js,JavaScript,2018-01-02T01:33:46Z,2025-02-19T06:30:18Z,2025-02-19T06:30:14Z,2,0,0,,[],177
prerender-alpine,0,0,0,0,0,1,0,0,0,0,1,tvanro/prerender-alpine,https://github.com/tvanro/prerender-alpine,Lightweight Prerender container built on Alpine Linux with Node and Headless Chromium,JavaScript,2018-01-04T10:32:56Z,2025-03-11T08:39:37Z,2025-02-10T10:46:57Z,94,54,3,,"['docker', 'headless-chrome', 'node', 'prerender']",5
puerto-rico-scoresheet,24,114,93,3,234,17,17,0,0,5,29,ROldford/puerto-rico-scoresheet,https://github.com/ROldford/puerto-rico-scoresheet,,JavaScript,2018-01-25T02:35:44Z,2025-03-12T20:28:57Z,2025-03-12T20:28:57Z,1,0,0,,[],172
quanthub,0,0,0,0,0,5,36,17,0,3,55,sanger/quanthub,https://github.com/sanger/quanthub,Provides parsing and visualisation of the concentration information from qPCR and plate readers,JavaScript,2018-01-22T08:46:19Z,2025-03-04T16:33:56Z,2025-03-14T20:32:00Z,2,4,10,MIT License,[],486
random-word-wikipedia,0,0,0,0,0,0,6,0,0,0,6,elzup/random-word-wikipedia,https://github.com/elzup/random-word-wikipedia,[ùêñ] Get random word from wikipedia random page,JavaScript,2018-01-16T14:13:23Z,2025-02-28T20:53:48Z,2025-03-03T20:47:40Z,6,0,6,MIT License,"['cli', 'faker', 'random', 'wikipedia']",18
RCGame.github.io,0,0,0,0,0,17,83,0,0,10,90,RCGame/RCGame.github.io,https://github.com/RCGame/RCGame.github.io,,JavaScript,2018-01-31T21:24:23Z,2025-03-14T23:06:13Z,2025-03-14T23:06:10Z,0,0,0,,[],502
react-badly,0,0,0,0,0,0,9,0,0,0,9,maniator/react-badly,https://github.com/maniator/react-badly,Error boundary react component,JavaScript,2018-01-11T16:06:23Z,2025-03-17T10:58:35Z,2025-03-17T10:58:37Z,7,2,0,,"['catch', 'error-boundaries', 'react', 'react-16', 'tree']",41
react-file-icon,38,132,100,3,273,0,7,0,0,1,6,corygibbons/react-file-icon,https://github.com/corygibbons/react-file-icon,React component that makes it easy to render themeable svg file icons.,JavaScript,2018-01-25T17:15:38Z,2025-03-11T16:22:17Z,2025-02-14T18:25:06Z,125,30,11,MIT License,"['icons', 'react', 'react-component', 'svg']",32
react_playground,52,238,311,6,607,52,40,8,0,8,92,dxps/react_playground,https://github.com/dxps/react_playground,React.js related playground,JavaScript,2018-01-07T21:23:07Z,2025-02-17T18:46:24Z,2025-02-17T18:46:20Z,0,0,0,MIT License,[],536
remote,0,0,0,0,0,9,42,1,0,13,39,PhotoPizza/remote,https://github.com/PhotoPizza/remote,,JavaScript,2018-01-08T15:43:35Z,2025-03-15T17:56:10Z,2025-03-15T17:56:06Z,0,2,0,,[],266
reneghosh.github.io,0,0,0,0,0,15,84,0,1,15,84,reneghosh/reneghosh.github.io,https://github.com/reneghosh/reneghosh.github.io,,JavaScript,2018-01-26T18:38:33Z,2025-02-13T21:36:45Z,2025-02-13T21:36:41Z,1,1,0,,[],458
rifat-hossain.github.io,0,0,0,0,0,0,96,4,0,0,100,rifat-hossain/rifat-hossain.github.io,https://github.com/rifat-hossain/rifat-hossain.github.io,,JavaScript,2018-01-29T09:49:43Z,2025-03-16T16:50:40Z,2025-03-16T16:50:37Z,0,0,0,,[],842
robinaone.github.io,0,0,0,0,0,17,81,2,0,8,92,robinaone/robinaone.github.io,https://github.com/robinaone/robinaone.github.io,,JavaScript,2018-01-25T14:09:30Z,2025-03-13T18:40:13Z,2025-03-13T18:40:10Z,0,0,0,MIT License,[],442
romanesco-theme,0,0,0,0,0,0,61,1,0,0,62,hugopeek/romanesco-theme,https://github.com/hugopeek/romanesco-theme,,JavaScript,2018-01-18T01:49:51Z,2025-03-01T09:32:11Z,2025-03-01T09:32:07Z,0,0,0,,[],391
safe-to-swim,0,0,0,0,0,7,93,0,0,1,99,mmtang/safe-to-swim,https://github.com/mmtang/safe-to-swim,Interactive map for viewing and downloading bacteria data at coastal and inland monitoring locations.,JavaScript,2018-01-08T19:30:44Z,2025-03-17T06:11:28Z,2025-03-17T06:11:23Z,0,0,0,,[],504
SampleAPIs,5,25,25,0,55,0,39,0,0,0,39,jermbo/SampleAPIs,https://github.com/jermbo/SampleAPIs,"A simple, no fuss, no mess, no auth playground for learning RESTful or GraphQL APIs.",JavaScript,2018-01-30T04:35:51Z,2025-03-12T14:42:30Z,2025-03-12T14:42:32Z,214,56,5,MIT License,"['api', 'javascript', 'json-server', 'node', 'restful']",195
schematics-angular-builds,0,0,0,0,0,22,71,7,0,1,99,angular/schematics-angular-builds,https://github.com/angular/schematics-angular-builds,Build artifacts for @schematics/angular,JavaScript,2018-01-31T18:51:46Z,2025-03-17T16:35:49Z,2025-03-17T16:35:46Z,12,20,2,MIT License,[],611
ShayanPersonal.github.io,0,0,0,0,0,2,73,0,0,2,73,ShayanPersonal/ShayanPersonal.github.io,https://github.com/ShayanPersonal/ShayanPersonal.github.io,,JavaScript,2018-01-21T08:42:34Z,2025-03-16T04:21:31Z,2025-03-16T04:21:27Z,0,0,0,,[],376
shruti3101.github.io,0,0,0,0,0,5,95,0,0,8,92,shruti3101/shruti3101.github.io,https://github.com/shruti3101/shruti3101.github.io,Cool stuff created with Agnes. ,JavaScript,2018-01-24T10:50:27Z,2025-03-17T16:37:09Z,2025-03-17T16:37:05Z,2,0,0,,[],496
simple-server,0,7,10,0,17,0,3,0,0,0,3,a-zen/simple-server,https://github.com/a-zen/simple-server,A simple-dummy rest service using node.js and express,JavaScript,2018-01-23T22:40:11Z,2025-03-15T11:22:01Z,2025-03-15T11:22:03Z,0,1,0,MIT License,"['docker', 'dummy']",15
site-settings-seo,0,0,0,0,0,89,11,0,0,1,99,Jahia/site-settings-seo,https://github.com/Jahia/site-settings-seo,,JavaScript,2018-01-10T09:04:57Z,2025-03-17T16:54:49Z,2025-03-17T17:39:32Z,0,0,20,MIT License,"['core', 'product', 'seo', 'supported']",476
sm-crypto,0,0,0,0,0,18,21,0,0,9,30,JuneAndGreen/sm-crypto,https://github.com/JuneAndGreen/sm-crypto,ÂõΩÂØÜÁÆóÊ≥ïjsÁâà,JavaScript,2018-01-27T14:20:14Z,2025-03-17T01:42:19Z,2025-03-10T03:10:13Z,1006,265,24,MIT License,[],334
smerge,17,50,54,2,123,22,74,3,1,8,91,manzanillo/smerge,https://github.com/manzanillo/smerge,a version control system for school environments and Snap! using Django and Cytoscape.js,JavaScript,2018-01-31T14:08:44Z,2025-03-03T15:03:28Z,2025-03-03T15:02:50Z,15,6,40,MIT License,[],415
snowflake-connector-nodejs,0,0,0,0,0,25,68,5,2,0,98,snowflakedb/snowflake-connector-nodejs,https://github.com/snowflakedb/snowflake-connector-nodejs,NodeJS driver,JavaScript,2018-01-09T01:00:25Z,2025-03-13T16:29:18Z,2025-03-17T12:56:22Z,127,134,58,Apache License 2.0,[],631
snowstorm,0,0,0,0,0,1,9,1,0,4,7,berkerol/snowstorm,https://github.com/berkerol/snowstorm,Watch a crazy snowstorm in the comfort of your browser,JavaScript,2018-01-08T08:45:56Z,2025-03-03T18:49:13Z,2025-03-03T18:49:09Z,1,0,0,GNU General Public License v3.0,"['snow', 'snowfall', 'snowflake', 'winter']",49
SoftUniPractice,0,0,0,0,0,12,82,6,0,12,88,ventsislavivanov/SoftUniPractice,https://github.com/ventsislavivanov/SoftUniPractice,,JavaScript,2018-01-07T10:47:20Z,2025-02-11T22:57:37Z,2025-02-11T22:57:32Z,0,0,0,MIT License,[],544
sonnen-dashboard,0,0,0,0,0,14,28,2,0,4,40,arpesenti/sonnen-dashboard,https://github.com/arpesenti/sonnen-dashboard,Simple dashboard to display data from a Sonnen Battery ,JavaScript,2018-01-28T15:38:23Z,2025-03-11T04:52:49Z,2025-03-11T04:52:51Z,2,1,0,,[],241
soundTest,0,0,0,0,0,6,21,0,0,2,25,gddickinson/soundTest,https://github.com/gddickinson/soundTest,sleeping loops and more,JavaScript,2018-01-23T00:17:18Z,2025-02-25T18:01:18Z,2025-02-25T18:01:14Z,0,0,0,,[],154
spoof-timezone,0,0,0,0,0,2,97,1,0,2,98,joue-quroi/spoof-timezone,https://github.com/joue-quroi/spoof-timezone,A privacy related add-on to spoof the timezone that is returned by your browser,JavaScript,2018-01-21T17:00:34Z,2025-03-11T00:25:48Z,2025-02-18T06:00:59Z,69,16,27,Mozilla Public License 2.0,[],490
sprinter-turtle,0,0,0,0,0,6,8,6,0,4,16,berkerol/sprinter-turtle,https://github.com/berkerol/sprinter-turtle,2D top down road crossing game,JavaScript,2018-01-06T19:57:10Z,2025-03-03T18:49:46Z,2025-03-03T18:49:42Z,0,0,0,GNU General Public License v3.0,['road-crossing-game'],144
stanlee12.github.io,0,0,0,0,0,6,89,5,0,12,88,StanLee12/stanlee12.github.io,https://github.com/StanLee12/stanlee12.github.io,Stan's blog,JavaScript,2018-01-15T04:49:02Z,2025-02-28T02:21:29Z,2025-02-28T02:21:26Z,0,0,0,,['blog'],548
stats-of-the-storm,0,0,0,0,0,1,73,26,0,3,97,ebshimizu/stats-of-the-storm,https://github.com/ebshimizu/stats-of-the-storm,A Heroes of the Storm replay parsing and stat tracking application,JavaScript,2018-01-14T19:03:54Z,2025-03-09T01:07:05Z,2025-03-09T16:43:08Z,60,15,20,MIT License,"['heroes-of-the-storm', 'parser', 'replay-parser', 'statistics']",824
stellarguard,0,0,0,0,0,74,25,1,0,0,100,stellarguard/stellarguard,https://github.com/stellarguard/stellarguard,,JavaScript,2018-01-16T03:04:35Z,2025-02-18T14:30:32Z,2025-02-18T14:30:26Z,20,8,35,MIT License,[],497
sticky-events,2,20,15,1,38,11,13,0,0,0,24,ryanwalters/sticky-events,https://github.com/ryanwalters/sticky-events,Events for `position: sticky`,JavaScript,2018-01-31T16:16:43Z,2025-03-01T05:03:12Z,2025-03-01T05:03:09Z,108,12,4,MIT License,[],160
stills,7,53,34,3,97,2,19,3,0,1,23,shahkashani/stills,https://github.com/shahkashani/stills,Utils for stills bots,JavaScript,2018-01-27T03:11:46Z,2025-03-13T10:20:47Z,2025-03-13T10:20:43Z,1,5,1,,[],168
streetlives-api,28,67,56,2,153,1,10,0,0,0,11,streetlives/streetlives-api,https://github.com/streetlives/streetlives-api,The Streetlives backend providing the API for accessing data,JavaScript,2018-01-28T15:53:24Z,2025-02-26T03:03:55Z,2025-03-08T07:24:56Z,5,1,49,MIT License,[],40
study-collections,0,0,0,0,0,7,93,0,0,6,94,jinux7/study-collections,https://github.com/jinux7/study-collections,Â∑•‰ΩúÔºåÂ≠¶‰π†ÁöÑÁÇπÊª¥ËÆ∞ÂΩï„ÄÇ,JavaScript,2018-01-12T01:45:46Z,2025-03-10T05:24:35Z,2025-03-10T05:24:31Z,0,0,49,,[],591
SubscriptionsWeb,0,9,10,0,19,12,87,1,0,4,96,yanagiragi/SubscriptionsWeb,https://github.com/yanagiragi/SubscriptionsWeb,Visualized web for Subscriptions,JavaScript,2018-01-25T08:27:27Z,2025-02-17T06:02:57Z,2025-02-17T06:02:54Z,0,0,1,,[],921
surveyjs-wordpress,0,0,0,0,0,52,40,8,0,16,84,surveyjs/surveyjs-wordpress,https://github.com/surveyjs/surveyjs-wordpress,Example of integration SurveyJS: Survey Library and Survey Creator into WordPress,JavaScript,2018-01-22T14:54:31Z,2025-03-03T12:45:14Z,2025-03-03T12:45:11Z,42,20,13,,"['form', 'form-builder', 'forms', 'questionnaire', 'quiz', 'quiz-generator', 'survey', 'survey-creator', 'survey-maker', 'wordpress', 'wordpress-development', 'wordpress-plugin']",289
svenenwouter2,0,0,0,0,0,0,99,1,0,7,93,wouterdhooghe/svenenwouter2,https://github.com/wouterdhooghe/svenenwouter2,wiskapp,JavaScript,2018-01-31T15:24:40Z,2025-02-24T08:06:10Z,2025-02-24T08:23:44Z,0,0,77,,[],449
svn-repository-provider,0,0,0,0,0,0,2,0,0,0,2,arlac77/svn-repository-provider,https://github.com/arlac77/svn-repository-provider,provider of subversion repositories,JavaScript,2018-01-23T22:53:53Z,2025-03-17T13:01:47Z,2025-03-17T13:01:44Z,0,0,0,BSD Zero Clause License,[],2
TCDI,0,0,0,0,0,0,1,0,0,0,1,dvrpc/TCDI,https://github.com/dvrpc/TCDI,"DVRPC TCDI webpage w/ map, projects, funding info",JavaScript,2018-01-22T18:50:07Z,2025-03-10T17:25:10Z,2025-03-10T17:25:06Z,0,0,1,,"['gis', 'mapbox']",1
ThunderSite,0,0,0,0,0,13,84,3,0,7,93,ThundeRatz/ThunderSite,https://github.com/ThundeRatz/ThunderSite,üåê Website with django,JavaScript,2018-01-30T04:27:41Z,2025-03-04T22:43:09Z,2025-03-04T22:43:05Z,2,1,1,,"['css', 'django', 'html', 'python', 'website']",648
trial-bot,8,10,15,0,33,1,0,0,0,0,1,MAE776569/trial-bot,https://github.com/MAE776569/trial-bot,A trial bot to try the Facebook API,JavaScript,2018-01-21T13:12:33Z,2025-03-05T14:44:02Z,2025-03-05T14:44:01Z,0,0,0,MIT License,"['api', 'backend', 'chatbot', 'facebook', 'facebook-api', 'nodejs']",15
TweetTest,0,3,11,0,14,1,98,1,0,6,94,Lycheejam/TweetTest,https://github.com/Lycheejam/TweetTest,ASP.NET MVC„Å®CoreTweet„Çí‰Ωø„Å£„ÅüTodo„Ç¢„Éó„É™„ÅÆ„Çµ„É≥„Éó„É´,JavaScript,2018-01-04T12:28:03Z,2025-02-28T15:26:01Z,2025-02-28T15:25:38Z,0,0,0,,[],449
unimail,8,42,27,2,79,4,59,22,0,1,84,Salesflare/unimail,https://github.com/Salesflare/unimail,Saleflare's library for unified email access,JavaScript,2018-01-23T13:48:28Z,2025-03-06T16:20:48Z,2025-03-06T16:20:44Z,1,2,16,MIT License,[],797
upVotePlugin,6,51,23,3,83,4,42,0,0,19,27,BuildFire/upVotePlugin,https://github.com/BuildFire/upVotePlugin,Pre Alpha Simple Up Vote plugin,JavaScript,2018-01-07T03:46:39Z,2025-03-09T19:06:44Z,2025-03-12T00:13:05Z,0,8,4,MIT License,[],183
urdf-loaders,14,66,43,2,125,10,51,25,0,4,82,gkjohnson/urdf-loaders,https://github.com/gkjohnson/urdf-loaders,URDF Loaders for Unity and THREE.js with example ATHLETE URDF Files open sourced from NASA JPL,JavaScript,2018-01-23T00:12:13Z,2025-03-16T10:01:43Z,2025-02-15T09:09:05Z,539,140,27,Apache License 2.0,"['graphics', 'javascript', 'nasa', 'robotics', 'robots', 'ros', 'threejs', 'unity', 'urdf', 'urdf-models', 'webcomponents']",611
user-app,0,0,0,0,0,22,50,10,0,2,80,dhis2/user-app,https://github.com/dhis2/user-app,User management app for DHIS 2,JavaScript,2018-01-09T12:36:35Z,2025-03-16T02:03:15Z,2025-03-16T02:03:13Z,6,9,7,"BSD 3-Clause ""New"" or ""Revised"" License","['synced-settings', 'tx', 'web-app']",521
userscripts,0,0,0,0,0,2,26,0,0,2,26,monk-time/userscripts,https://github.com/monk-time/userscripts,A collection of various userscripts written or re-written by me,JavaScript,2018-01-24T11:24:20Z,2025-03-06T12:42:15Z,2025-03-06T12:42:12Z,4,0,0,MIT License,"['dom-manipulation', 'greasemonkey', 'imdb', 'localstorage', 'tampermonkey', 'userscript-collection']",140
videomost,0,0,0,0,0,2,2,0,0,1,3,IonicaBizau/videomost,https://github.com/IonicaBizau/videomost,Watch YouTube and Vimeo videos in a floating window.,JavaScript,2018-01-08T08:01:15Z,2025-02-14T02:01:25Z,2025-02-14T02:01:27Z,5,2,0,MIT License,['hacktoberfest'],12
vue-mta-activity,0,0,0,0,0,5,19,0,0,3,21,renmingliang/vue-mta-activity,https://github.com/renmingliang/vue-mta-activity,:email: Âü∫‰∫évue2.xÂºÄÂèëH5ÁïôË®ÄÂæÅÈõÜÊ¥ªÂä®,JavaScript,2018-01-02T11:34:03Z,2025-03-03T12:15:21Z,2025-03-03T12:15:18Z,0,0,0,,"['better-scroll', 'font-awesome', 'vue']",104
vue-nutrition-label,0,0,0,0,0,2,36,3,0,2,39,nutritionix/vue-nutrition-label,https://github.com/nutritionix/vue-nutrition-label,VueJS component to create a 2018 FDA-style nutrition label ,JavaScript,2018-01-04T17:29:44Z,2025-03-11T10:54:00Z,2025-03-17T04:12:24Z,16,4,7,MIT License,[],218
vue-signature-pad,0,0,0,0,0,0,3,1,0,0,4,neighborhood999/vue-signature-pad,https://github.com/neighborhood999/vue-signature-pad,üñã Vue Signature Pad Component,JavaScript,2018-01-31T03:11:47Z,2025-03-12T06:51:27Z,2025-03-11T21:33:10Z,549,76,56,MIT License,"['components', 'signature-pad', 'vue', 'vue-components']",31
wai-website-theme,13,93,81,3,190,16,80,3,1,13,86,w3c/wai-website-theme,https://github.com/w3c/wai-website-theme,WAI Website Theme,JavaScript,2018-01-08T11:51:30Z,2025-02-26T16:19:16Z,2025-02-26T16:19:13Z,7,23,13,Other,[],529
webpack-bugsnag-plugins,6,21,21,0,48,10,1,11,0,0,22,bugsnag/webpack-bugsnag-plugins,https://github.com/bugsnag/webpack-bugsnag-plugins,Webpack plugins for common BugSnag actions.,JavaScript,2018-01-10T14:54:11Z,2025-02-26T17:04:06Z,2025-02-26T17:04:01Z,31,28,6,MIT License,"['bugsnag', 'platforms', 'webpack-plugin']",255
webpack-compass-imagehelper,0,0,0,0,0,3,27,0,0,0,30,nick-less/webpack-compass-imagehelper,https://github.com/nick-less/webpack-compass-imagehelper,added compass image-helper functions to webpack/sass-loader,JavaScript,2018-01-21T13:14:50Z,2025-03-16T13:15:55Z,2025-03-16T13:15:58Z,0,1,0,MIT License,"['compass-image-utils', 'sass-loader', 'webpack']",160
webpack-mpa,0,0,0,0,0,2,1,0,0,0,3,scriptex/webpack-mpa,https://github.com/scriptex/webpack-mpa,"Multiple page application setup with Webpack using SASS, PostCSS, ES6+, etc",JavaScript,2018-01-21T12:18:53Z,2025-03-14T20:23:00Z,2025-03-14T20:22:57Z,46,3,0,MIT License,"['front-end-developer-tool', 'front-end-starter-kit', 'multi-page-application', 'sass-boilerplate', 'webpack-boilerplate', 'webpack-configuration']",12
website,26,118,96,3,243,8,37,1,0,5,41,code16/website,https://github.com/code16/website,Our website,JavaScript,2018-01-17T13:30:06Z,2025-03-11T16:08:45Z,2025-03-11T16:09:15Z,0,0,1,,[],164
website-source,0,0,0,0,0,1,97,2,0,0,100,physrisk/website-source,https://github.com/physrisk/website-source,Source files used to generate Physics of Risk website.,JavaScript,2018-01-12T13:15:34Z,2025-03-16T15:14:02Z,2025-03-16T15:13:58Z,2,1,0,,"['agent-based-modeling', 'blog', 'javascript', 'markdown', 'physics', 'stochastic-modeling']",523
wikipedia-viewer-reactjs,0,0,0,0,0,6,5,0,0,2,9,autumnchris/wikipedia-viewer-reactjs,https://github.com/autumnchris/wikipedia-viewer-reactjs,A front-end web app that takes a search input and gets a list of Wikipedia search results using the Media Wiki API. Built with React.js.,JavaScript,2018-01-24T22:09:46Z,2025-02-28T18:56:09Z,2025-02-28T18:56:05Z,6,3,0,,"['ajax', 'axios', 'babel', 'css', 'freecodecamp', 'javascript', 'react', 'reactjs', 'sass', 'webpack', 'wikipedia-viewer', 'wikipedia-viewer-challenge']",60
WME-GIS-Layers,0,0,0,0,0,7,55,16,0,2,76,WazeDev/WME-GIS-Layers,https://github.com/WazeDev/WME-GIS-Layers,"Adds layers to the Waze Map Editor to display GIS data, such as county parcels and address points.",JavaScript,2018-01-15T15:36:56Z,2025-03-14T13:59:05Z,2025-03-14T13:59:01Z,4,14,9,,[],765
yid,0,0,0,0,0,1,2,0,0,0,3,chilts/yid,https://github.com/chilts/yid,Simple ID generator. A timestamp plus random digits.,JavaScript,2018-01-27T10:59:14Z,2025-02-15T03:50:10Z,2025-02-15T03:50:10Z,3,0,0,,"['id', 'identifier', 'nodejs']",25
zigbee-adapter,7,38,24,2,71,1,40,22,0,1,62,WebThingsIO/zigbee-adapter,https://github.com/WebThingsIO/zigbee-adapter,Zigbee adapter add-on for WebThings Gateway,JavaScript,2018-01-17T19:33:45Z,2025-02-26T11:19:46Z,2025-02-26T11:19:42Z,46,28,84,Mozilla Public License 2.0,[],623
